table_name,row_count,column_count,total_cells,missing_cells,missing_pct,columns_with_missing
stg_vle,6364,6,38184,10486,0.27461764089671065,2
stg_student_registration,32593,5,162965,22566,0.13847145092504526,2
eda_student_summary,32593,27,880011,23701,0.02693261788773095,5
stg_assessments,206,6,1236,11,0.00889967637540453,1
stg_student_info,32593,12,391116,1111,0.002840589492631342,1
eda_assessment_progress,173912,12,2086944,3211,0.0015386133983470568,3
stg_student_assessment,173912,5,869560,173,0.00019895119370716224,1
eda_weekly_activity,627031,7,4389217,0,0.0,0
stg_courses,22,3,66,0,0.0,0
stg_student_vle,9868110,6,59208660,0,0.0,0
