table_name,column_name,dtype,row_count,missing_count,missing_pct,non_missing_count
stg_vle,week_from,float64,6364,5243,0.823852922690132,1121
stg_vle,week_to,float64,6364,5243,0.823852922690132,1121
stg_student_registration,date_unregistration,float64,32593,22521,0.6909765900653515,10072
eda_student_summary,weighted_score,float64,32593,9087,0.27880219679072193,23506
eda_student_summary,avg_score,float64,32593,6773,0.2078053569784923,25820
eda_student_summary,first_activity_date,float64,32593,3365,0.10324302764397263,29228
eda_student_summary,last_activity_date,float64,32593,3365,0.10324302764397263,29228
stg_assessments,date,float64,206,11,0.05339805825242718,195
eda_student_summary,imd_band,str,32593,1111,0.03408707391157611,31482
stg_student_info,imd_band,str,32593,1111,0.03408707391157611,31482
eda_assessment_progress,date,float64,173912,2865,0.01647384884309306,171047
stg_student_registration,date_registration,float64,32593,45,0.0013806645598748197,32548
eda_assessment_progress,score,float64,173912,173,0.0009947559685358112,173739
eda_assessment_progress,score_weight_product,float64,173912,173,0.0009947559685358112,173739
stg_student_assessment,score,float64,173912,173,0.0009947559685358112,173739
eda_assessment_progress,assessment_type,str,173912,0,0.0,173912
eda_assessment_progress,code_module,str,173912,0,0.0,173912
eda_assessment_progress,code_presentation,str,173912,0,0.0,173912
eda_assessment_progress,date_submitted,int64,173912,0,0.0,173912
eda_assessment_progress,id_assessment,int64,173912,0,0.0,173912
eda_assessment_progress,id_student,int64,173912,0,0.0,173912
eda_assessment_progress,is_banked,int64,173912,0,0.0,173912
eda_assessment_progress,is_late,bool,173912,0,0.0,173912
eda_assessment_progress,weight,float64,173912,0,0.0,173912
eda_student_summary,active_days,float64,32593,0,0.0,32593
eda_student_summary,active_weeks,float64,32593,0,0.0,32593
eda_student_summary,age_band,str,32593,0,0.0,32593
eda_student_summary,banked_assessments,int64,32593,0,0.0,32593
eda_student_summary,code_module,str,32593,0,0.0,32593
eda_student_summary,code_presentation,str,32593,0,0.0,32593
eda_student_summary,disability,str,32593,0,0.0,32593
eda_student_summary,final_result,str,32593,0,0.0,32593
eda_student_summary,gender,str,32593,0,0.0,32593
eda_student_summary,highest_education,str,32593,0,0.0,32593
eda_student_summary,id_student,int64,32593,0,0.0,32593
eda_student_summary,interacted_sites,float64,32593,0,0.0,32593
eda_student_summary,late_submissions,int64,32593,0,0.0,32593
eda_student_summary,num_of_prev_attempts,int64,32593,0,0.0,32593
eda_student_summary,region,str,32593,0,0.0,32593
eda_student_summary,resource_types_used,float64,32593,0,0.0,32593
eda_student_summary,score_weight_product_sum,float64,32593,0,0.0,32593
eda_student_summary,studied_credits,int64,32593,0,0.0,32593
eda_student_summary,submitted_assessments,float64,32593,0,0.0,32593
eda_student_summary,submitted_records,float64,32593,0,0.0,32593
eda_student_summary,submitted_weight_sum,float64,32593,0,0.0,32593
eda_student_summary,total_click,float64,32593,0,0.0,32593
eda_weekly_activity,active_days,int64,627031,0,0.0,627031
eda_weekly_activity,code_module,str,627031,0,0.0,627031
eda_weekly_activity,code_presentation,str,627031,0,0.0,627031
eda_weekly_activity,id_student,int64,627031,0,0.0,627031
eda_weekly_activity,interacted_sites,int64,627031,0,0.0,627031
eda_weekly_activity,study_week,int64,627031,0,0.0,627031
eda_weekly_activity,weekly_click,int64,627031,0,0.0,627031
stg_assessments,assessment_type,str,206,0,0.0,206
stg_assessments,code_module,str,206,0,0.0,206
stg_assessments,code_presentation,str,206,0,0.0,206
stg_assessments,id_assessment,int64,206,0,0.0,206
stg_assessments,weight,float64,206,0,0.0,206
stg_courses,code_module,str,22,0,0.0,22
stg_courses,code_presentation,str,22,0,0.0,22
stg_courses,module_presentation_length,int64,22,0,0.0,22
stg_student_assessment,date_submitted,int64,173912,0,0.0,173912
stg_student_assessment,id_assessment,int64,173912,0,0.0,173912
stg_student_assessment,id_student,int64,173912,0,0.0,173912
stg_student_assessment,is_banked,int64,173912,0,0.0,173912
stg_student_info,age_band,str,32593,0,0.0,32593
stg_student_info,code_module,str,32593,0,0.0,32593
stg_student_info,code_presentation,str,32593,0,0.0,32593
stg_student_info,disability,str,32593,0,0.0,32593
stg_student_info,final_result,str,32593,0,0.0,32593
stg_student_info,gender,str,32593,0,0.0,32593
stg_student_info,highest_education,str,32593,0,0.0,32593
stg_student_info,id_student,int64,32593,0,0.0,32593
stg_student_info,num_of_prev_attempts,int64,32593,0,0.0,32593
stg_student_info,region,str,32593,0,0.0,32593
stg_student_info,studied_credits,int64,32593,0,0.0,32593
stg_student_registration,code_module,str,32593,0,0.0,32593
stg_student_registration,code_presentation,str,32593,0,0.0,32593
stg_student_registration,id_student,int64,32593,0,0.0,32593
stg_student_vle,code_module,str,9868110,0,0.0,9868110
stg_student_vle,code_presentation,str,9868110,0,0.0,9868110
stg_student_vle,date,int64,9868110,0,0.0,9868110
stg_student_vle,id_site,int64,9868110,0,0.0,9868110
stg_student_vle,id_student,int64,9868110,0,0.0,9868110
stg_student_vle,sum_click,int64,9868110,0,0.0,9868110
stg_vle,activity_type,str,6364,0,0.0,6364
stg_vle,code_module,str,6364,0,0.0,6364
stg_vle,code_presentation,str,6364,0,0.0,6364
stg_vle,id_site,int64,6364,0,0.0,6364
