"Công việc chính","Task con","Phân công"
"Tổng quan dữ liệu","Liệt kê 7 bảng chính của OULAD",""
"","Thống kê số dòng và số cột của từng bảng",""
"","Kiểm tra tên cột và kiểu dữ liệu ban đầu",""
"","Xác định khóa logic và các cặp bảng có thể join",""
"","Kiểm tra số lượng code_module code_presentation id_student id_assessment id_site",""
"","Tóm tắt vai trò từng bảng trong phân tích",""
"Phân bố dữ liệu","Phân tích phân bố final_result",""
"","Phân tích phân bố sinh viên theo code_module",""
"","Phân tích phân bố sinh viên theo code_presentation",""
"","Phân tích phân bố điểm score",""
"","Phân tích phân bố weight của assessment",""
"","Phân tích phân bố sum_click",""
"","Phân tích phân bố activity_type",""
"","Phân tích phân bố gender region highest_education imd_band age_band disability",""
"","So sánh phân bố giữa các module-presentation",""
"Phát hiện dữ liệu khuyết","Thống kê số lượng missing value theo từng cột",""
"","Tính tỷ lệ missing value theo từng bảng",""
"","Kiểm tra date_unregistration bị thiếu",""
"","Kiểm tra score bị thiếu",""
"","Kiểm tra date_submitted bị thiếu",""
"","Kiểm tra missing value trong các biến nền như imd_band",""
"","Phân loại missing value hợp lệ và missing cần xử lý",""
"Phát hiện dữ liệu ngoại lệ","Kiểm tra score ngoài khoảng hợp lý",""
"","Kiểm tra sum_click bằng 0 quá cao hoặc âm",""
"","Kiểm tra date_submitted quá sớm hoặc quá muộn so với hạn date",""
"","Kiểm tra sinh viên có tương tác VLE rất cao hoặc rất thấp",""
"","Kiểm tra assessment có weight bất thường",""
"","So sánh outlier theo từng module-presentation",""
"Phân tích tương quan","Tính tương quan giữa tổng sum_click và score",""
"","So sánh mức độ tương tác VLE giữa các nhóm final_result",""
"","So sánh điểm assessment giữa các nhóm kết quả cuối",""
"","Phân tích quan hệ giữa số ngày hoạt động VLE và kết quả cuối",""
"","Phân tích quan hệ giữa nộp muộn assessment và kết quả cuối",""
"","Kiểm tra tương quan riêng theo từng module-presentation",""
"Phân tích mẫu và xu hướng theo thời gian","Tổng hợp sum_click theo tuần học",""
"","Theo dõi số sinh viên còn hoạt động qua từng tuần",""
"","Phân tích xu hướng tương tác trước các mốc assessment",""
"","So sánh xu hướng VLE giữa các nhóm kết quả cuối",""
"","Phát hiện giai đoạn sinh viên bắt đầu giảm tương tác",""
"","Phân tích tỷ lệ hủy đăng ký theo thời gian",""
"","Tạo checkpoint theo ngày 14 28 42 56 nếu cần cho phân tích sau",""
"Chuẩn hóa kiểu dữ liệu phục vụ EDA","Kiểm tra kiểu dữ liệu sau khi đọc CSV",""
"","Chuyển các cột ID về kiểu phù hợp",""
"","Xác định các biến phân loại như code_module code_presentation assessment_type activity_type final_result",""
"","Xử lý các cột ngày tương đối như số nguyên",""
"","Chuyển score weight sum_click về kiểu số",""
"","Kiểm tra lại kiểu dữ liệu sau khi gộp studentVle",""
"Trực quan hóa dữ liệu","Vẽ biểu đồ phân bố final_result",""
"","Vẽ biểu đồ phân bố điểm assessment",""
"","Vẽ biểu đồ tổng click VLE",""
"","Vẽ biểu đồ tương tác theo tuần học",""
"","Vẽ biểu đồ so sánh các nhóm kết quả cuối",""
"","Vẽ biểu đồ missing value nếu cần",""
"","Vẽ heatmap hoặc biểu đồ tương quan nếu phù hợp",""
"","Tạo nhóm biểu đồ tổng hợp cho module-presentation",""
"Nâng chất lượng dữ liệu","Ghi lại các vấn đề dữ liệu phát hiện được",""
"","Kiểm tra duplicate theo khóa logic",""
"","Kiểm tra khóa ngoại không khớp giữa các bảng",""
"","Ghi lại quy tắc xử lý missing value",""
"","Ghi lại quy tắc xử lý outlier",""
"","Tách rõ dữ liệu gốc dữ liệu staging và dữ liệu dùng cho biểu đồ",""
"Tổng hợp kết quả EDA","Tạo notebook hoặc script EDA có thể chạy lại",""
"","Lưu các bảng thống kê mô tả chính",""
"","Lưu các biểu đồ quan trọng",""
"","Viết nhận xét về phân bố kết quả học tập",""
"","Viết nhận xét về mối liên hệ giữa VLE assessment và kết quả cuối",""
"","Đề xuất các hướng bài toán nghiệp vụ có thể chọn sau EDA",""
