code_module,code_presentation,id_assessment,assessment_type,date,assessment_week,weight
AAA,2013J,1752,TMA,19.0,2,10.0
AAA,2013J,1753,TMA,54.0,7,20.0
AAA,2013J,1754,TMA,117.0,16,20.0
AAA,2013J,1755,TMA,166.0,23,20.0
AAA,2013J,1756,TMA,215.0,30,30.0
AAA,2014J,1758,TMA,19.0,2,10.0
AAA,2014J,1759,TMA,54.0,7,20.0
AAA,2014J,1760,TMA,117.0,16,20.0
AAA,2014J,1761,TMA,166.0,23,20.0
AAA,2014J,1762,TMA,215.0,30,30.0
BBB,2013B,14984,TMA,19.0,2,5.0
BBB,2013B,14985,TMA,47.0,6,18.0
BBB,2013B,14991,CMA,54.0,7,1.0
BBB,2013B,14986,TMA,89.0,12,18.0
BBB,2013B,14992,CMA,89.0,12,1.0
BBB,2013B,14987,TMA,124.0,17,18.0
BBB,2013B,14993,CMA,124.0,17,1.0
BBB,2013B,14988,TMA,159.0,22,18.0
BBB,2013B,14994,CMA,159.0,22,1.0
BBB,2013B,14989,TMA,187.0,26,18.0
BBB,2013B,14995,CMA,187.0,26,1.0
BBB,2013J,14996,TMA,19.0,2,5.0
BBB,2013J,14997,TMA,47.0,6,18.0
BBB,2013J,15003,CMA,54.0,7,1.0
BBB,2013J,14998,TMA,96.0,13,18.0
BBB,2013J,15004,CMA,96.0,13,1.0
BBB,2013J,14999,TMA,131.0,18,18.0
BBB,2013J,15005,CMA,131.0,18,1.0
BBB,2013J,15000,TMA,166.0,23,18.0
BBB,2013J,15006,CMA,166.0,23,1.0
BBB,2013J,15001,TMA,208.0,29,18.0
BBB,2013J,15007,CMA,208.0,29,1.0
BBB,2014B,15008,TMA,12.0,1,5.0
BBB,2014B,15009,TMA,40.0,5,18.0
BBB,2014B,15015,CMA,47.0,6,1.0
BBB,2014B,15010,TMA,82.0,11,18.0
BBB,2014B,15016,CMA,82.0,11,1.0
BBB,2014B,15011,TMA,117.0,16,18.0
BBB,2014B,15017,CMA,117.0,16,1.0
BBB,2014B,15012,TMA,152.0,21,18.0
BBB,2014B,15018,CMA,152.0,21,1.0
BBB,2014B,15013,TMA,194.0,27,18.0
BBB,2014B,15019,CMA,194.0,27,1.0
BBB,2014J,15020,TMA,19.0,2,0.0
BBB,2014J,15021,TMA,54.0,7,10.0
BBB,2014J,15022,TMA,110.0,15,20.0
BBB,2014J,15023,TMA,152.0,21,35.0
BBB,2014J,15024,TMA,201.0,28,35.0
CCC,2014B,24286,CMA,18.0,2,2.0
CCC,2014B,24282,TMA,32.0,4,9.0
CCC,2014B,24287,CMA,67.0,9,7.0
CCC,2014B,24283,TMA,102.0,14,22.0
CCC,2014B,24288,CMA,137.0,19,8.0
CCC,2014B,24284,TMA,151.0,21,22.0
CCC,2014B,24285,TMA,200.0,28,22.0
CCC,2014B,24289,CMA,207.0,29,8.0
CCC,2014J,24295,CMA,18.0,2,2.0
CCC,2014J,24291,TMA,32.0,4,9.0
CCC,2014J,24296,CMA,67.0,9,7.0
CCC,2014J,24292,TMA,109.0,15,22.0
CCC,2014J,24297,CMA,144.0,20,8.0
CCC,2014J,24293,TMA,158.0,22,22.0
CCC,2014J,24294,TMA,207.0,29,22.0
CCC,2014J,24298,CMA,214.0,30,8.0
DDD,2013B,25341,CMA,23.0,3,2.0
DDD,2013B,25334,TMA,25.0,3,7.5
DDD,2013B,25342,CMA,51.0,7,3.0
DDD,2013B,25335,TMA,53.0,7,10.0
DDD,2013B,25343,CMA,79.0,11,3.0
DDD,2013B,25336,TMA,81.0,11,12.5
DDD,2013B,25344,CMA,114.0,16,4.0
DDD,2013B,25337,TMA,116.0,16,15.0
DDD,2013B,25345,CMA,149.0,21,4.0
DDD,2013B,25338,TMA,151.0,21,15.0
DDD,2013B,25346,CMA,170.0,24,3.0
DDD,2013B,25339,TMA,200.0,28,15.0
DDD,2013B,25347,CMA,206.0,29,6.0
DDD,2013B,25340,Exam,240.0,34,100.0
DDD,2013J,25348,TMA,25.0,3,10.0
DDD,2013J,25349,TMA,53.0,7,12.5
DDD,2013J,25350,TMA,88.0,12,17.5
DDD,2013J,25351,TMA,123.0,17,20.0
DDD,2013J,25352,TMA,165.0,23,20.0
DDD,2013J,25353,TMA,207.0,29,20.0
DDD,2013J,25354,Exam,261.0,37,100.0
DDD,2014B,25355,TMA,25.0,3,10.0
DDD,2014B,25356,TMA,53.0,7,12.5
DDD,2014B,25357,TMA,74.0,10,17.5
DDD,2014B,25358,TMA,116.0,16,20.0
DDD,2014B,25359,TMA,158.0,22,20.0
DDD,2014B,25360,TMA,200.0,28,20.0
DDD,2014B,25361,Exam,241.0,34,100.0
DDD,2014J,25362,TMA,20.0,2,5.0
DDD,2014J,25363,TMA,41.0,5,10.0
DDD,2014J,25364,TMA,62.0,8,10.0
DDD,2014J,25365,TMA,111.0,15,25.0
DDD,2014J,25366,TMA,146.0,20,25.0
DDD,2014J,25367,TMA,195.0,27,25.0
EEE,2013J,30709,TMA,33.0,4,16.0
EEE,2013J,30710,TMA,68.0,9,28.0
EEE,2013J,30711,TMA,124.0,17,28.0
EEE,2013J,30712,TMA,159.0,22,28.0
EEE,2014B,30714,TMA,33.0,4,16.0
EEE,2014B,30715,TMA,68.0,9,28.0
EEE,2014B,30716,TMA,117.0,16,28.0
EEE,2014B,30717,TMA,152.0,21,28.0
EEE,2014J,30719,TMA,33.0,4,16.0
EEE,2014J,30720,TMA,68.0,9,28.0
EEE,2014J,30721,TMA,131.0,18,28.0
EEE,2014J,30722,TMA,166.0,23,28.0
FFF,2013B,34860,TMA,19.0,2,12.5
FFF,2013B,34861,TMA,47.0,6,12.5
FFF,2013B,34862,TMA,89.0,12,25.0
FFF,2013B,34863,TMA,131.0,18,25.0
FFF,2013B,34864,TMA,166.0,23,25.0
FFF,2013B,34865,CMA,222.0,31,0.0
FFF,2013B,34866,CMA,222.0,31,0.0
FFF,2013B,34867,CMA,222.0,31,0.0
FFF,2013B,34868,CMA,222.0,31,0.0
FFF,2013B,34869,CMA,222.0,31,0.0
FFF,2013B,34870,CMA,222.0,31,0.0
FFF,2013B,34871,CMA,222.0,31,0.0
FFF,2013J,34873,TMA,19.0,2,12.5
FFF,2013J,34874,TMA,47.0,6,12.5
FFF,2013J,34875,TMA,96.0,13,25.0
FFF,2013J,34876,TMA,131.0,18,25.0
FFF,2013J,34877,TMA,173.0,24,25.0
FFF,2013J,34878,CMA,236.0,33,0.0
FFF,2013J,34879,CMA,236.0,33,0.0
FFF,2013J,34880,CMA,236.0,33,0.0
FFF,2013J,34881,CMA,236.0,33,0.0
FFF,2013J,34882,CMA,236.0,33,0.0
FFF,2013J,34883,CMA,236.0,33,0.0
FFF,2013J,34884,CMA,236.0,33,0.0
FFF,2014B,34886,TMA,24.0,3,12.5
FFF,2014B,34887,TMA,52.0,7,12.5
FFF,2014B,34888,TMA,87.0,12,25.0
FFF,2014B,34889,TMA,129.0,18,25.0
FFF,2014B,34890,TMA,171.0,24,25.0
FFF,2014B,34891,CMA,227.0,32,0.0
FFF,2014B,34892,CMA,227.0,32,0.0
FFF,2014B,34893,CMA,227.0,32,0.0
FFF,2014B,34894,CMA,227.0,32,0.0
FFF,2014B,34895,CMA,227.0,32,0.0
FFF,2014B,34896,CMA,227.0,32,0.0
FFF,2014B,34897,CMA,227.0,32,0.0
FFF,2014J,34899,TMA,24.0,3,12.5
FFF,2014J,34900,TMA,52.0,7,12.5
FFF,2014J,34901,TMA,94.0,13,25.0
FFF,2014J,34902,TMA,136.0,19,25.0
FFF,2014J,34903,TMA,199.0,28,25.0
FFF,2014J,34904,CMA,241.0,34,0.0
FFF,2014J,34905,CMA,241.0,34,0.0
FFF,2014J,34906,CMA,241.0,34,0.0
FFF,2014J,34907,CMA,241.0,34,0.0
FFF,2014J,34908,CMA,241.0,34,0.0
FFF,2014J,34909,CMA,241.0,34,0.0
FFF,2014J,34910,CMA,241.0,34,0.0
GGG,2013J,37415,TMA,61.0,8,0.0
GGG,2013J,37416,TMA,124.0,17,0.0
GGG,2013J,37417,TMA,173.0,24,0.0
GGG,2013J,37418,CMA,229.0,32,0.0
GGG,2013J,37419,CMA,229.0,32,0.0
GGG,2013J,37420,CMA,229.0,32,0.0
GGG,2013J,37421,CMA,229.0,32,0.0
GGG,2013J,37422,CMA,229.0,32,0.0
GGG,2013J,37423,CMA,229.0,32,0.0
GGG,2014B,37425,TMA,61.0,8,0.0
GGG,2014B,37426,TMA,117.0,16,0.0
GGG,2014B,37427,TMA,166.0,23,0.0
GGG,2014B,37428,CMA,222.0,31,0.0
GGG,2014B,37429,CMA,222.0,31,0.0
GGG,2014B,37430,CMA,222.0,31,0.0
GGG,2014B,37431,CMA,222.0,31,0.0
GGG,2014B,37432,CMA,222.0,31,0.0
GGG,2014B,37433,CMA,222.0,31,0.0
GGG,2014J,37435,TMA,61.0,8,0.0
GGG,2014J,37436,TMA,124.0,17,0.0
GGG,2014J,37437,TMA,173.0,24,0.0
GGG,2014J,37438,CMA,229.0,32,0.0
GGG,2014J,37439,CMA,229.0,32,0.0
GGG,2014J,37440,CMA,229.0,32,0.0
GGG,2014J,37441,CMA,229.0,32,0.0
GGG,2014J,37442,CMA,229.0,32,0.0
GGG,2014J,37443,CMA,229.0,32,0.0
