relative_week_to_assessment,final_result,assessment_window_count,active_student_count_mean,click_per_active_student_median,weekly_click_sum_median,active_days_median
-2,Distinction,185,121.82702702702703,66.50657894736842,6838.0,4.0
-2,Pass,185,452.24864864864867,49.276315789473685,20649.0,3.0
-2,Fail,185,118.08648648648649,36.36,3877.0,2.0
-2,Withdrawn,179,81.72067039106145,32.4,995.0,1.5
-1,Distinction,185,125.7081081081081,67.70093457943925,6739.0,3.0
-1,Pass,185,481.64864864864865,51.400432900432904,23747.0,3.0
-1,Fail,185,122.24324324324324,36.959016393442624,4196.0,2.0
-1,Withdrawn,171,79.75438596491227,33.375,1114.0,2.0
0,Distinction,185,132.27567567567567,76.87368421052632,8326.0,4.0
0,Pass,185,534.372972972973,59.395089285714285,32535.0,3.0
0,Fail,185,150.9081081081081,55.44736842105263,7189.0,2.0
0,Withdrawn,176,83.01136363636364,45.88775510204081,1616.5,2.0
1,Distinction,182,112.50549450549451,43.679656706929435,4228.0,3.0
1,Pass,182,414.45054945054943,33.418141018508216,13455.0,2.0
1,Fail,182,103.41758241758242,20.795454545454547,1819.0,2.0
1,Withdrawn,150,71.79333333333334,25.05043859649123,1125.0,2.0
