checkpoint_day,checkpoint_week,final_result,student_count,active_student_count,active_student_pct,median_cumulative_click,p75_cumulative_click,median_cumulative_active_weeks,median_cumulative_active_days
14,2,Distinction,3024,2996,0.9907407407407407,312.0,591.25,5.0,15.0
14,2,Pass,12361,12155,0.9833346816600599,221.0,423.0,5.0,12.0
14,2,Fail,7052,6405,0.908252977878616,101.0,233.0,4.0,7.0
14,2,Withdrawn,10156,7011,0.6903308389129579,48.0,185.0,3.0,4.0
28,4,Distinction,3024,3007,0.9943783068783069,429.0,829.0,7.0,22.0
28,4,Pass,12361,12248,0.9908583447941105,315.0,597.0,6.0,18.0
28,4,Fail,7052,6546,0.9282473057288713,143.0,320.0,5.0,10.0
28,4,Withdrawn,10156,7099,0.6989956675856637,62.0,239.0,3.0,5.0
42,6,Distinction,3024,3014,0.9966931216931217,526.0,1048.0,9.0,29.0
42,6,Pass,12361,12284,0.9937707305234205,387.0,739.0,8.0,23.0
42,6,Fail,7052,6604,0.9364719228587635,169.0,379.0,6.0,12.0
42,6,Withdrawn,10156,7134,0.702441906262308,71.0,270.25,4.0,6.0
56,8,Distinction,3024,3017,0.9976851851851852,626.5,1216.25,11.0,35.0
56,8,Pass,12361,12322,0.9968449154599143,451.0,868.0,10.0,28.0
56,8,Fail,7052,6632,0.9404424276800908,194.0,433.0,7.0,14.0
56,8,Withdrawn,10156,7148,0.7038204017329658,76.0,296.0,4.0,6.0
