unregistration_week,unregistration_count,distinct_students,cumulative_unregistration_count,cumulative_unregistration_pct
-53,1,1,1,3.068143466388488e-05
-46,1,1,2,6.136286932776976e-05
-43,1,1,3,9.204430399165465e-05
-40,1,1,4,0.00012272573865553953
-39,1,1,5,0.00015340717331942442
-38,1,1,6,0.0001840886079833093
-36,2,2,8,0.00024545147731107905
-34,2,2,10,0.00030681434663884884
-33,1,1,11,0.0003374957813027337
-32,1,1,12,0.0003681772159666186
-31,3,3,15,0.00046022151995827324
-30,7,7,22,0.0006749915626054674
-29,1,1,23,0.0007056729972693523
-28,4,4,27,0.0008283987359248918
-27,2,2,29,0.0008897616052526617
-26,6,6,35,0.0010738502132359709
-25,5,5,40,0.0012272573865553954
-24,8,7,48,0.0014727088638664743
-23,9,9,57,0.0017488417758414383
-22,12,12,69,0.002117018991808057
-21,21,21,90,0.0027613291197496393
-20,16,16,106,0.0032522320743717976
-19,21,21,127,0.0038965422023133803
-18,39,38,166,0.005093118154204891
-17,25,25,191,0.005860154020802013
-16,39,39,230,0.007056729972693523
-15,35,35,265,0.008130580185929494
-14,55,54,320,0.009818059092443163
-13,62,61,382,0.011720308041604026
-12,64,62,446,0.013683919860092658
-11,58,54,504,0.015463443070597981
-10,80,79,584,0.01791795784370877
-9,100,96,684,0.02098610131009726
-8,139,135,823,0.025250820728377258
-7,127,124,950,0.02914736293069064
-6,101,101,1051,0.03224618783174301
-5,154,151,1205,0.036971128769981286
-4,213,209,1418,0.04350627435338877
-3,305,299,1723,0.052864111925873654
-2,375,362,2098,0.06436964992483049
-1,580,563,2678,0.08216488202988372
0,719,690,3397,0.10422483355321695
1,1068,1001,4465,0.136992605774246
2,215,211,4680,0.14358911422698126
3,360,357,5040,0.15463443070597982
4,303,297,5343,0.16393090540913693
5,216,214,5559,0.17055809529653607
6,246,240,5805,0.17810572822385173
7,256,251,6061,0.18596017549780627
8,230,229,6291,0.1930169054704998
9,220,218,6511,0.19976682109655447
10,203,198,6714,0.2059951523333231
11,146,146,6860,0.2104746417942503
12,171,168,7031,0.2157211671217746
13,204,201,7235,0.22198017979320714
14,218,215,7453,0.22866873254993403
15,199,195,7652,0.23477433804804712
16,152,150,7804,0.23943791611695764
17,165,164,7969,0.24450035283649862
18,167,163,8136,0.24962415242536742
19,163,159,8299,0.25462522627558065
20,155,153,8454,0.2593808486484828
21,174,174,8628,0.2647194182799988
22,207,203,8835,0.27107047525542294
23,190,186,9025,0.2768999478415611
24,177,176,9202,0.2823305617770687
25,122,120,9324,0.28607369680606265
26,80,77,9404,0.28852821157917347
27,80,80,9484,0.2909827263522842
28,93,91,9577,0.29383609977602554
29,105,103,9682,0.29705765041573345
30,98,97,9780,0.3000644310127942
31,108,105,9888,0.3033780259564937
32,102,102,9990,0.30650753229221
33,64,63,10054,0.3084711441106986
34,17,17,10071,0.30899272849998466
63,1,1,10072,0.30902340993464855
