study_week,active_student_count,weekly_click_sum,weekly_click_median,weekly_click_mean,active_days_sum,active_days_median,interacted_sites_median,click_per_active_student,active_student_pct
-4,1076,42418,16.0,39.421933085501855,1896,1.0,5.0,39.421933085501855,0.03301322369834014
-3,9557,425456,19.0,40.39650588682112,19675,2.0,7.0,44.51773569111646,0.29322247108274785
-2,14816,631823,18.0,39.059285361028685,35035,2.0,6.0,42.6446409287257,0.4545761359801184
-1,18166,992944,24.0,50.125902367610685,51146,2.0,7.0,54.659473742155676,0.5573589421041328
0,21443,1942973,47.0,82.12752557274494,75366,3.0,10.0,90.61106188499744,0.6579020034976836
1,21063,1734588,43.0,74.86999309392266,72395,3.0,8.0,82.3523714570574,0.6462430583254073
2,21553,2236153,59.0,93.86923851901604,80527,3.0,9.0,103.75135711965852,0.6612769613107109
3,20232,1613161,39.0,72.87829229726677,73435,3.0,8.0,79.7331455120601,0.620746786119719
4,19723,1456299,38.0,67.23138359263191,71230,3.0,7.0,73.83760077067383,0.6051299358758016
5,18769,1184365,31.0,58.16831196896027,62823,3.0,6.0,63.1021897810219,0.5758598472064553
6,18838,1302525,35.0,64.36354202698028,63924,3.0,7.0,69.14348656969955,0.5779768661982634
7,18519,1245227,35.0,62.61197707160097,62424,3.0,7.0,67.24050974674658,0.5681894885404841
8,17067,900779,24.0,48.98200108754758,53371,2.0,5.0,52.77898869162712,0.5236400454085233
9,16186,1025942,29.0,58.42827040264252,51367,3.0,5.0,63.38452984060299,0.49660970146964073
10,13649,621045,19.0,42.70111386138614,37175,2.0,5.0,45.50113561433072,0.41877090172736475
11,12950,556126,19.0,40.712005856515376,33737,2.0,5.0,42.944092664092665,0.3973245788973092
12,15333,805345,23.0,49.61465007392804,43711,2.0,5.0,52.5236418183004,0.4704384377013469
13,15867,962434,25.0,56.78746754779325,49017,2.0,6.0,60.656330749354005,0.48682232381186147
14,15296,846078,23.0,51.70045829514207,46577,2.0,5.0,55.31367677824268,0.46930322461878315
15,15419,831227,25.0,50.33163790493491,47858,2.0,6.0,53.90926778649718,0.47307704108244103
16,15023,854539,27.0,53.44877408056042,46674,3.0,6.0,56.882047527125074,0.4609271929555426
17,15196,912975,30.0,56.52395988112927,47883,3.0,6.0,60.07995525138194,0.4662350811523947
18,15241,1107301,38.0,68.39413218035824,49865,3.0,7.0,72.6527786890624,0.4676157457122695
19,14416,1137514,41.0,73.74961099585062,47729,3.0,6.0,78.90635405105438,0.44230356211456445
20,14449,1153175,41.0,74.67299099915819,48734,3.0,6.0,79.81002145477196,0.4433160494584727
21,14619,1084804,37.0,69.64139436348462,48142,3.0,6.0,74.20507558656543,0.4485318933513331
22,14091,986871,32.0,65.80017335644753,45201,3.0,6.0,70.0355546093251,0.4323320958488019
23,14128,898676,30.0,60.265289699570815,44366,3.0,6.0,63.60956964892412,0.43346730893136565
24,12929,719738,24.0,52.81317874963311,38220,2.0,5.0,55.66849717688916,0.3966802687693677
25,11848,604623,19.0,48.45900456840587,32137,2.0,5.0,51.03165091154625,0.3635136378977081
26,11781,608701,20.0,49.20784155214228,31257,2.0,5.0,51.66802478567185,0.3614579817752278
27,12284,714011,26.0,55.17432964994977,33919,2.0,5.0,58.12528492347769,0.3768907434111619
28,12500,799844,29.0,60.452271181316604,36561,2.0,6.0,63.98752,0.38351793329856104
29,12559,909376,32.0,68.16911544227887,37788,2.0,6.0,72.40831276375508,0.3853281379437303
30,12191,989617,34.0,76.86345631067961,36722,2.0,7.0,81.17603149864654,0.3740373699874206
31,12199,1043602,30.0,81.42326597487711,35988,2.0,7.0,85.5481596852201,0.3742828214647317
32,12200,960178,30.0,74.55376970261666,37329,3.0,7.0,78.70311475409837,0.3743135028993956
33,10830,881949,25.0,77.3843116609634,32583,2.0,6.0,81.43573407202216,0.33227993740987327
34,8216,509368,11.0,58.988766647365374,21266,2.0,3.0,61.997078870496594,0.2520786671984782
35,4233,51163,5.0,11.726564290625717,8580,1.0,2.0,12.08669974013702,0.1298745129322247
36,3752,29122,4.0,7.554345006485084,6973,1.0,2.0,7.761727078891258,0.11511674285889609
37,3152,21292,3.0,6.593991947971508,5384,1.0,2.0,6.75507614213198,0.09670788206056515
38,1552,7716,3.0,4.902160101651843,2129,1.0,1.0,4.971649484536083,0.04761758659834934
