code_module,code_presentation,study_week,active_student_count,weekly_click_sum,weekly_click_median,active_days_median,module_presentation,click_per_active_student
AAA,2013J,-2,301,20924,44.0,2.0,AAA-2013J,69.51495016611295
AAA,2013J,-1,313,28053,64.0,3.0,AAA-2013J,89.6261980830671
AAA,2013J,0,337,33244,73.0,4.0,AAA-2013J,98.64688427299703
AAA,2013J,1,341,37230,74.0,4.0,AAA-2013J,109.17888563049853
AAA,2013J,2,357,43343,93.0,4.0,AAA-2013J,121.40896358543418
AAA,2013J,3,305,22868,50.0,3.0,AAA-2013J,74.97704918032787
AAA,2013J,4,315,19497,47.0,4.0,AAA-2013J,61.89523809523809
AAA,2013J,5,312,20096,43.0,3.0,AAA-2013J,64.41025641025641
AAA,2013J,6,318,18971,38.0,3.0,AAA-2013J,59.65723270440252
AAA,2013J,7,339,21595,47.0,4.0,AAA-2013J,63.70206489675516
AAA,2013J,8,281,13168,29.0,3.0,AAA-2013J,46.86120996441281
AAA,2013J,9,272,11387,26.0,3.0,AAA-2013J,41.8639705882353
AAA,2013J,10,236,11679,25.0,3.0,AAA-2013J,49.48728813559322
AAA,2013J,11,181,6600,20.0,2.0,AAA-2013J,36.46408839779006
AAA,2013J,12,226,8364,21.5,2.0,AAA-2013J,37.008849557522126
AAA,2013J,13,276,13742,32.0,3.0,AAA-2013J,49.789855072463766
AAA,2013J,14,283,12785,31.0,3.0,AAA-2013J,45.17667844522968
AAA,2013J,15,293,13597,29.0,3.0,AAA-2013J,46.406143344709896
AAA,2013J,16,313,17546,42.0,3.0,AAA-2013J,56.05750798722045
AAA,2013J,17,285,15062,31.0,3.0,AAA-2013J,52.849122807017544
AAA,2013J,18,267,14088,28.0,3.0,AAA-2013J,52.764044943820224
AAA,2013J,19,232,11640,32.0,3.0,AAA-2013J,50.172413793103445
AAA,2013J,20,252,12320,33.0,3.0,AAA-2013J,48.888888888888886
AAA,2013J,21,264,12626,31.5,3.0,AAA-2013J,47.82575757575758
AAA,2013J,22,281,15285,32.0,3.0,AAA-2013J,54.395017793594306
AAA,2013J,23,293,18965,46.0,3.0,AAA-2013J,64.72696245733789
AAA,2013J,24,263,15918,37.0,3.0,AAA-2013J,60.52471482889734
AAA,2013J,25,253,13569,34.0,3.0,AAA-2013J,53.63241106719368
AAA,2013J,26,236,11910,31.0,3.0,AAA-2013J,50.46610169491525
AAA,2013J,27,221,9917,27.0,2.0,AAA-2013J,44.873303167420815
AAA,2013J,28,238,10045,25.0,2.0,AAA-2013J,42.205882352941174
AAA,2013J,29,270,12261,28.0,3.0,AAA-2013J,45.41111111111111
AAA,2013J,30,290,18161,43.0,3.0,AAA-2013J,62.62413793103448
AAA,2013J,31,236,15508,32.0,3.0,AAA-2013J,65.71186440677967
AAA,2013J,32,241,13993,33.0,3.0,AAA-2013J,58.06224066390042
AAA,2013J,33,228,13509,35.0,3.0,AAA-2013J,59.25
AAA,2013J,34,280,19155,41.0,4.0,AAA-2013J,68.41071428571429
AAA,2013J,35,136,2624,9.0,2.0,AAA-2013J,19.294117647058822
AAA,2013J,36,107,1015,5.0,1.0,AAA-2013J,9.485981308411215
AAA,2013J,37,111,763,3.0,1.0,AAA-2013J,6.873873873873874
AAA,2013J,38,68,212,2.0,1.0,AAA-2013J,3.1176470588235294
AAA,2014J,-4,213,15556,46.0,2.0,AAA-2014J,73.03286384976526
AAA,2014J,-3,238,15034,28.5,2.0,AAA-2014J,63.168067226890756
AAA,2014J,-2,249,14307,25.0,2.0,AAA-2014J,57.45783132530121
AAA,2014J,-1,273,17630,37.0,2.0,AAA-2014J,64.57875457875458
AAA,2014J,0,301,30577,63.0,3.0,AAA-2014J,101.58471760797342
AAA,2014J,1,313,29897,60.0,3.0,AAA-2014J,95.51757188498402
AAA,2014J,2,330,38053,81.0,4.0,AAA-2014J,115.31212121212121
AAA,2014J,3,278,21456,51.5,3.0,AAA-2014J,77.17985611510791
AAA,2014J,4,279,21307,47.0,3.0,AAA-2014J,76.36917562724014
AAA,2014J,5,278,17590,41.0,3.0,AAA-2014J,63.273381294964025
AAA,2014J,6,283,18302,45.0,3.0,AAA-2014J,64.6713780918728
AAA,2014J,7,306,20981,44.0,3.0,AAA-2014J,68.56535947712419
AAA,2014J,8,234,12275,33.0,3.0,AAA-2014J,52.457264957264954
AAA,2014J,9,236,9415,21.0,2.0,AAA-2014J,39.894067796610166
AAA,2014J,10,205,9156,28.0,2.0,AAA-2014J,44.66341463414634
AAA,2014J,11,149,5767,21.0,2.0,AAA-2014J,38.70469798657718
AAA,2014J,12,188,7624,28.5,2.0,AAA-2014J,40.5531914893617
AAA,2014J,13,246,12269,32.5,2.5,AAA-2014J,49.8739837398374
AAA,2014J,14,237,12612,30.0,3.0,AAA-2014J,53.21518987341772
AAA,2014J,15,262,13913,36.0,3.0,AAA-2014J,53.103053435114504
AAA,2014J,16,290,18264,41.0,3.0,AAA-2014J,62.97931034482759
AAA,2014J,17,230,11859,33.0,3.0,AAA-2014J,51.56086956521739
AAA,2014J,18,239,12991,32.0,3.0,AAA-2014J,54.35564853556485
AAA,2014J,19,220,14313,36.0,3.0,AAA-2014J,65.05909090909091
AAA,2014J,20,221,12393,29.0,3.0,AAA-2014J,56.07692307692308
AAA,2014J,21,218,10869,32.0,3.0,AAA-2014J,49.857798165137616
AAA,2014J,22,232,10569,26.5,3.0,AAA-2014J,45.55603448275862
AAA,2014J,23,272,14246,34.5,3.0,AAA-2014J,52.375
AAA,2014J,24,233,10320,32.0,3.0,AAA-2014J,44.291845493562235
AAA,2014J,25,216,10142,28.0,3.0,AAA-2014J,46.9537037037037
AAA,2014J,26,211,8051,23.0,2.0,AAA-2014J,38.156398104265406
AAA,2014J,27,199,7978,22.0,3.0,AAA-2014J,40.09045226130653
AAA,2014J,28,207,7394,25.0,2.0,AAA-2014J,35.71980676328502
AAA,2014J,29,237,9810,26.0,3.0,AAA-2014J,41.392405063291136
AAA,2014J,30,268,14344,38.0,3.0,AAA-2014J,53.52238805970149
AAA,2014J,31,217,11671,33.0,3.0,AAA-2014J,53.78341013824885
AAA,2014J,32,229,14216,30.0,3.0,AAA-2014J,62.07860262008734
AAA,2014J,33,213,13735,27.0,3.0,AAA-2014J,64.48356807511738
AAA,2014J,34,253,20882,38.0,3.0,AAA-2014J,82.53754940711462
AAA,2014J,35,129,1536,6.0,2.0,AAA-2014J,11.906976744186046
AAA,2014J,36,98,578,4.0,1.0,AAA-2014J,5.8979591836734695
AAA,2014J,37,106,536,3.0,1.0,AAA-2014J,5.056603773584905
AAA,2014J,38,78,329,2.5,1.0,AAA-2014J,4.217948717948718
BBB,2013B,-2,622,19389,17.5,1.0,BBB-2013B,31.172025723472668
BBB,2013B,-1,986,44274,21.0,2.0,BBB-2013B,44.9026369168357
BBB,2013B,0,1243,86774,43.0,2.0,BBB-2013B,69.81013676588898
BBB,2013B,1,1193,67329,36.0,3.0,BBB-2013B,56.43671416596815
BBB,2013B,2,1326,80948,38.0,3.0,BBB-2013B,61.04675716440423
BBB,2013B,3,1154,56468,23.0,3.0,BBB-2013B,48.932409012131714
BBB,2013B,4,1128,57442,26.0,3.0,BBB-2013B,50.923758865248224
BBB,2013B,5,1052,49797,25.0,2.0,BBB-2013B,47.33555133079848
BBB,2013B,6,1170,65420,30.0,3.0,BBB-2013B,55.914529914529915
BBB,2013B,7,1063,57338,27.0,2.0,BBB-2013B,53.93979303857009
BBB,2013B,8,906,32744,17.0,2.0,BBB-2013B,36.141280353200884
BBB,2013B,9,898,27478,15.0,2.0,BBB-2013B,30.599109131403118
BBB,2013B,10,851,31734,20.0,2.0,BBB-2013B,37.290246768507636
BBB,2013B,11,895,34782,21.0,2.0,BBB-2013B,38.86256983240224
BBB,2013B,12,1058,46970,23.0,2.0,BBB-2013B,44.39508506616257
BBB,2013B,13,804,30196,14.0,2.0,BBB-2013B,37.55721393034826
BBB,2013B,14,803,28547,17.0,2.0,BBB-2013B,35.55043586550436
BBB,2013B,15,718,25636,15.0,2.0,BBB-2013B,35.70473537604457
BBB,2013B,16,712,24470,17.5,2.0,BBB-2013B,34.36797752808989
BBB,2013B,17,933,35536,21.0,2.0,BBB-2013B,38.08788853161843
BBB,2013B,18,761,22339,12.0,2.0,BBB-2013B,29.35479632063075
BBB,2013B,19,686,20688,14.0,2.0,BBB-2013B,30.157434402332363
BBB,2013B,20,641,20226,15.0,2.0,BBB-2013B,31.553822152886116
BBB,2013B,21,645,24541,19.0,2.0,BBB-2013B,38.048062015503874
BBB,2013B,22,908,39185,25.0,2.0,BBB-2013B,43.15528634361233
BBB,2013B,23,657,20301,15.0,2.0,BBB-2013B,30.899543378995435
BBB,2013B,24,630,16753,15.0,2.0,BBB-2013B,26.59206349206349
BBB,2013B,25,639,19708,17.0,2.0,BBB-2013B,30.841940532081377
BBB,2013B,26,807,30464,21.0,2.0,BBB-2013B,37.74969021065675
BBB,2013B,27,580,18415,13.0,2.0,BBB-2013B,31.75
BBB,2013B,28,553,17603,11.0,2.0,BBB-2013B,31.831826401446655
BBB,2013B,29,482,17898,14.0,2.0,BBB-2013B,37.13278008298755
BBB,2013B,30,540,20324,16.0,2.0,BBB-2013B,37.63703703703704
BBB,2013B,31,600,28979,21.0,2.0,BBB-2013B,48.29833333333333
BBB,2013B,32,738,39664,21.5,2.0,BBB-2013B,53.74525745257453
BBB,2013B,33,416,8990,8.0,1.0,BBB-2013B,21.610576923076923
BBB,2013B,34,211,2060,5.0,1.0,BBB-2013B,9.763033175355451
BBB,2013J,-4,1,11,11.0,1.0,BBB-2013J,11.0
BBB,2013J,-2,843,27545,18.0,1.0,BBB-2013J,32.67497034400949
BBB,2013J,-1,1167,34867,15.0,2.0,BBB-2013J,29.877463581833762
BBB,2013J,0,1372,75725,31.0,2.0,BBB-2013J,55.19314868804665
BBB,2013J,1,1324,63583,28.0,2.0,BBB-2013J,48.02341389728097
BBB,2013J,2,1491,69923,28.0,3.0,BBB-2013J,46.89671361502347
BBB,2013J,3,1259,44674,15.0,2.0,BBB-2013J,35.48371723590151
BBB,2013J,4,1289,56953,22.0,2.0,BBB-2013J,44.183863460046545
BBB,2013J,5,1176,47360,23.0,2.0,BBB-2013J,40.27210884353742
BBB,2013J,6,1377,60767,25.0,3.0,BBB-2013J,44.12999273783588
BBB,2013J,7,1289,57054,25.0,2.0,BBB-2013J,44.2622187742436
BBB,2013J,8,1050,35630,16.0,2.0,BBB-2013J,33.93333333333333
BBB,2013J,9,876,26276,16.0,2.0,BBB-2013J,29.995433789954337
BBB,2013J,10,748,21050,14.0,2.0,BBB-2013J,28.141711229946523
BBB,2013J,11,550,10267,13.0,1.0,BBB-2013J,18.667272727272728
BBB,2013J,12,924,25155,16.0,2.0,BBB-2013J,27.224025974025974
BBB,2013J,13,1283,55813,24.0,2.0,BBB-2013J,43.50194855806703
BBB,2013J,14,1019,39292,14.0,2.0,BBB-2013J,38.55937193326791
BBB,2013J,15,956,26519,13.0,2.0,BBB-2013J,27.739539748953973
BBB,2013J,16,822,22859,14.0,2.0,BBB-2013J,27.809002433090026
BBB,2013J,17,943,26232,16.0,2.0,BBB-2013J,27.817603393425237
BBB,2013J,18,1187,39757,21.0,2.0,BBB-2013J,33.49368155012637
BBB,2013J,19,851,21389,11.0,2.0,BBB-2013J,25.133960047003526
BBB,2013J,20,809,21872,12.0,2.0,BBB-2013J,27.03584672435105
BBB,2013J,21,829,22673,13.0,2.0,BBB-2013J,27.349819059107357
BBB,2013J,22,876,29333,20.0,2.0,BBB-2013J,33.4851598173516
BBB,2013J,23,1169,51548,30.0,2.0,BBB-2013J,44.09580838323353
BBB,2013J,24,780,23167,13.0,2.0,BBB-2013J,29.70128205128205
BBB,2013J,25,765,21612,13.0,2.0,BBB-2013J,28.250980392156862
BBB,2013J,26,697,17222,13.0,2.0,BBB-2013J,24.708751793400285
BBB,2013J,27,642,16217,14.0,2.0,BBB-2013J,25.2601246105919
BBB,2013J,28,762,20748,15.0,2.0,BBB-2013J,27.228346456692915
BBB,2013J,29,1102,42314,25.0,2.0,BBB-2013J,38.39745916515427
BBB,2013J,30,731,22163,13.0,2.0,BBB-2013J,30.318741450068398
BBB,2013J,31,692,20453,14.0,2.0,BBB-2013J,29.55635838150289
BBB,2013J,32,600,18497,15.0,2.0,BBB-2013J,30.828333333333333
BBB,2013J,33,673,22128,16.0,2.0,BBB-2013J,32.87964338781575
BBB,2013J,34,929,43464,20.0,2.0,BBB-2013J,46.78579117330463
BBB,2013J,35,524,9510,7.0,1.0,BBB-2013J,18.14885496183206
BBB,2013J,36,396,4499,6.0,1.0,BBB-2013J,11.36111111111111
BBB,2013J,37,381,3500,5.0,1.0,BBB-2013J,9.186351706036746
BBB,2013J,38,191,1061,4.0,1.0,BBB-2013J,5.554973821989528
BBB,2014B,-2,455,13358,17.0,1.0,BBB-2014B,29.358241758241757
BBB,2014B,-1,807,23510,17.0,2.0,BBB-2014B,29.132589838909542
BBB,2014B,0,965,51518,29.0,2.0,BBB-2014B,53.38652849740933
BBB,2014B,1,1030,52412,29.0,3.0,BBB-2014B,50.88543689320388
BBB,2014B,2,919,34283,17.0,2.0,BBB-2014B,37.30467899891186
BBB,2014B,3,857,44478,23.0,2.0,BBB-2014B,51.899649941656946
BBB,2014B,4,806,33116,22.5,2.0,BBB-2014B,41.08684863523573
BBB,2014B,5,961,41438,23.0,2.0,BBB-2014B,43.119667013527575
BBB,2014B,6,892,33982,22.0,2.0,BBB-2014B,38.096412556053814
BBB,2014B,7,759,23826,15.0,2.0,BBB-2014B,31.391304347826086
BBB,2014B,8,661,18709,13.0,2.0,BBB-2014B,28.30408472012103
BBB,2014B,9,601,18582,15.0,2.0,BBB-2014B,30.91846921797005
BBB,2014B,10,692,22056,17.0,2.0,BBB-2014B,31.872832369942195
BBB,2014B,11,914,36414,22.0,2.0,BBB-2014B,39.840262582056894
BBB,2014B,12,685,17324,11.0,2.0,BBB-2014B,25.29051094890511
BBB,2014B,13,645,17570,14.0,2.0,BBB-2014B,27.24031007751938
BBB,2014B,14,558,13491,13.0,2.0,BBB-2014B,24.177419354838708
BBB,2014B,15,615,17157,14.0,2.0,BBB-2014B,27.897560975609757
BBB,2014B,16,814,29674,20.0,2.0,BBB-2014B,36.45454545454545
BBB,2014B,17,572,12381,11.0,2.0,BBB-2014B,21.645104895104897
BBB,2014B,18,548,12780,11.0,2.0,BBB-2014B,23.32116788321168
BBB,2014B,19,488,11192,12.0,2.0,BBB-2014B,22.934426229508198
BBB,2014B,20,549,13584,14.0,2.0,BBB-2014B,24.743169398907103
BBB,2014B,21,792,32981,27.0,2.0,BBB-2014B,41.64267676767677
BBB,2014B,22,545,14953,13.0,2.0,BBB-2014B,27.436697247706423
BBB,2014B,23,500,10213,11.0,2.0,BBB-2014B,20.426
BBB,2014B,24,427,8057,10.0,1.0,BBB-2014B,18.868852459016395
BBB,2014B,25,428,10383,14.0,2.0,BBB-2014B,24.259345794392523
BBB,2014B,26,513,13509,13.0,2.0,BBB-2014B,26.333333333333332
BBB,2014B,27,743,29950,26.0,2.0,BBB-2014B,40.309555854643335
BBB,2014B,28,510,15775,14.0,2.0,BBB-2014B,30.931372549019606
BBB,2014B,29,498,15626,15.0,2.0,BBB-2014B,31.377510040160644
BBB,2014B,30,476,13567,16.0,2.0,BBB-2014B,28.502100840336134
BBB,2014B,31,627,26005,16.0,2.0,BBB-2014B,41.47527910685805
BBB,2014B,32,323,3982,7.0,1.0,BBB-2014B,12.328173374613003
BBB,2014B,33,184,1255,4.0,1.0,BBB-2014B,6.820652173913044
BBB,2014J,-2,883,34085,23.0,1.0,BBB-2014J,38.60135900339751
BBB,2014J,-1,1218,52177,27.0,2.0,BBB-2014J,42.83825944170772
BBB,2014J,0,1476,72540,31.0,2.0,BBB-2014J,49.146341463414636
BBB,2014J,1,1392,55394,24.0,2.0,BBB-2014J,39.79454022988506
BBB,2014J,2,1534,56361,22.0,2.0,BBB-2014J,36.741199478487616
BBB,2014J,3,1329,43010,19.0,2.0,BBB-2014J,32.36267870579383
BBB,2014J,4,1264,49807,25.0,2.0,BBB-2014J,39.40427215189873
BBB,2014J,5,1188,60738,34.0,2.0,BBB-2014J,51.12626262626262
BBB,2014J,6,1170,53550,33.0,2.0,BBB-2014J,45.76923076923077
BBB,2014J,7,1323,42112,19.0,2.0,BBB-2014J,31.83068783068783
BBB,2014J,8,1021,25691,13.0,2.0,BBB-2014J,25.16258570029383
BBB,2014J,9,898,19702,12.0,2.0,BBB-2014J,21.93986636971047
BBB,2014J,10,413,6982,8.0,1.0,BBB-2014J,16.90556900726392
BBB,2014J,11,656,18380,14.0,1.0,BBB-2014J,28.01829268292683
BBB,2014J,12,1098,45749,21.0,2.0,BBB-2014J,41.66575591985428
BBB,2014J,13,1035,68696,27.0,2.0,BBB-2014J,66.37294685990338
BBB,2014J,14,1066,52772,25.0,2.0,BBB-2014J,49.5046904315197
BBB,2014J,15,1266,59763,28.0,2.0,BBB-2014J,47.20616113744076
BBB,2014J,16,980,48922,28.0,2.0,BBB-2014J,49.92040816326531
BBB,2014J,17,973,47742,32.0,2.0,BBB-2014J,49.06680369989723
BBB,2014J,18,926,43093,33.0,2.0,BBB-2014J,46.53671706263499
BBB,2014J,19,934,53402,38.0,2.0,BBB-2014J,57.17558886509636
BBB,2014J,20,1017,54941,39.0,2.0,BBB-2014J,54.02261553588987
BBB,2014J,21,1174,69818,42.0,2.0,BBB-2014J,59.47018739352641
BBB,2014J,22,876,37790,25.0,2.0,BBB-2014J,43.13926940639269
BBB,2014J,23,855,37001,29.0,2.0,BBB-2014J,43.27602339181286
BBB,2014J,24,720,32302,32.5,2.0,BBB-2014J,44.86388888888889
BBB,2014J,25,676,29688,29.0,2.0,BBB-2014J,43.917159763313606
BBB,2014J,26,800,38621,30.0,2.0,BBB-2014J,48.27625
BBB,2014J,27,887,41722,33.0,2.0,BBB-2014J,47.037204058624575
BBB,2014J,28,1076,61891,38.0,2.0,BBB-2014J,57.51951672862454
BBB,2014J,29,714,28049,19.0,2.0,BBB-2014J,39.28431372549019
BBB,2014J,30,698,28176,21.0,2.0,BBB-2014J,40.36676217765043
BBB,2014J,31,637,26512,22.0,2.0,BBB-2014J,41.62009419152276
BBB,2014J,32,688,32003,22.5,2.0,BBB-2014J,46.51598837209303
BBB,2014J,33,1026,82684,48.0,3.0,BBB-2014J,80.58869395711501
BBB,2014J,34,421,4260,6.0,1.0,BBB-2014J,10.118764845605702
BBB,2014J,35,288,1329,3.0,1.0,BBB-2014J,4.614583333333333
BBB,2014J,36,245,956,2.0,1.0,BBB-2014J,3.9020408163265308
BBB,2014J,37,141,426,2.0,1.0,BBB-2014J,3.021276595744681
CCC,2014B,-3,938,24262,12.0,1.0,CCC-2014B,25.865671641791046
CCC,2014B,-2,1010,27792,10.0,2.0,CCC-2014B,27.516831683168316
CCC,2014B,-1,1130,31176,9.0,2.0,CCC-2014B,27.58938053097345
CCC,2014B,0,1387,100976,31.0,2.0,CCC-2014B,72.80173035328046
CCC,2014B,1,1358,103243,40.0,3.0,CCC-2014B,76.02577319587628
CCC,2014B,2,1464,167176,87.0,3.0,CCC-2014B,114.19125683060109
CCC,2014B,3,1202,56565,21.0,3.0,CCC-2014B,47.05906821963394
CCC,2014B,4,1283,72909,30.0,3.0,CCC-2014B,56.8269680436477
CCC,2014B,5,1067,40386,16.0,3.0,CCC-2014B,37.85004686035614
CCC,2014B,6,953,38856,15.0,2.0,CCC-2014B,40.772298006295905
CCC,2014B,7,919,39969,15.0,2.0,CCC-2014B,43.49183895538629
CCC,2014B,8,918,52126,26.5,2.0,CCC-2014B,56.78213507625272
CCC,2014B,9,1066,117615,86.0,3.0,CCC-2014B,110.33302063789868
CCC,2014B,10,739,20323,9.0,2.0,CCC-2014B,27.50067658998647
CCC,2014B,11,726,19942,9.0,2.0,CCC-2014B,27.46831955922865
CCC,2014B,12,769,22936,12.0,2.0,CCC-2014B,29.825747724317296
CCC,2014B,13,814,34320,18.0,2.0,CCC-2014B,42.16216216216216
CCC,2014B,14,949,53124,29.0,3.0,CCC-2014B,55.97892518440464
CCC,2014B,15,767,30857,14.0,2.0,CCC-2014B,40.23076923076923
CCC,2014B,16,717,30935,14.0,2.0,CCC-2014B,43.14504881450488
CCC,2014B,17,702,34535,17.0,2.0,CCC-2014B,49.1951566951567
CCC,2014B,18,743,43752,32.0,2.0,CCC-2014B,58.885598923283986
CCC,2014B,19,879,115132,98.0,3.0,CCC-2014B,130.9806598407281
CCC,2014B,20,706,26284,16.0,2.0,CCC-2014B,37.22946175637394
CCC,2014B,21,769,31624,21.0,3.0,CCC-2014B,41.123537061118334
CCC,2014B,22,659,23722,14.0,2.0,CCC-2014B,35.99696509863429
CCC,2014B,23,583,22277,15.0,2.0,CCC-2014B,38.21097770154374
CCC,2014B,24,549,21202,16.0,2.0,CCC-2014B,38.619307832422585
CCC,2014B,25,533,22228,12.0,2.0,CCC-2014B,41.70356472795497
CCC,2014B,26,543,22949,17.0,2.0,CCC-2014B,42.263351749539595
CCC,2014B,27,623,35955,23.0,2.0,CCC-2014B,57.71268057784912
CCC,2014B,28,716,63118,48.0,3.0,CCC-2014B,88.1536312849162
CCC,2014B,29,721,87763,84.0,3.0,CCC-2014B,121.7239944521498
CCC,2014B,30,564,46437,19.0,2.0,CCC-2014B,82.33510638297872
CCC,2014B,31,518,46913,21.0,2.0,CCC-2014B,90.56563706563706
CCC,2014B,32,706,76096,37.0,3.0,CCC-2014B,107.78470254957507
CCC,2014B,33,436,9491,9.0,2.0,CCC-2014B,21.76834862385321
CCC,2014B,34,301,3293,5.0,1.0,CCC-2014B,10.940199335548172
CCC,2014J,-3,1248,36794,11.0,1.0,CCC-2014J,29.482371794871796
CCC,2014J,-2,1338,40749,10.0,2.0,CCC-2014J,30.455156950672645
CCC,2014J,-1,1519,54675,12.0,2.0,CCC-2014J,35.99407504937459
CCC,2014J,0,1801,131191,31.0,3.0,CCC-2014J,72.84342032204331
CCC,2014J,1,1806,150607,48.0,3.0,CCC-2014J,83.39258028792912
CCC,2014J,2,1983,218674,84.0,3.0,CCC-2014J,110.27433182047403
CCC,2014J,3,1673,87072,22.0,2.0,CCC-2014J,52.04542737597131
CCC,2014J,4,1829,97928,29.0,3.0,CCC-2014J,53.54182613449973
CCC,2014J,5,1484,60053,15.0,2.0,CCC-2014J,40.466981132075475
CCC,2014J,6,1292,57973,17.0,2.0,CCC-2014J,44.87074303405573
CCC,2014J,7,1267,58543,17.0,2.0,CCC-2014J,46.20599842146803
CCC,2014J,8,1332,74716,28.0,2.0,CCC-2014J,56.093093093093096
CCC,2014J,9,1575,155322,74.0,3.0,CCC-2014J,98.61714285714285
CCC,2014J,10,965,25444,8.0,2.0,CCC-2014J,26.366839378238343
CCC,2014J,11,644,15612,9.0,1.0,CCC-2014J,24.242236024844722
CCC,2014J,12,848,23393,7.0,1.0,CCC-2014J,27.58608490566038
CCC,2014J,13,1191,39778,11.0,2.0,CCC-2014J,33.398824517212425
CCC,2014J,14,1226,48114,16.5,2.0,CCC-2014J,39.24469820554649
CCC,2014J,15,1375,74981,28.0,3.0,CCC-2014J,54.531636363636366
CCC,2014J,16,1116,52390,16.0,2.0,CCC-2014J,46.94444444444444
CCC,2014J,17,1060,46920,15.5,2.0,CCC-2014J,44.264150943396224
CCC,2014J,18,1011,43730,17.0,2.0,CCC-2014J,43.254203758654796
CCC,2014J,19,1110,67653,31.0,2.0,CCC-2014J,60.94864864864865
CCC,2014J,20,1331,159999,92.0,3.0,CCC-2014J,120.20961682945153
CCC,2014J,21,1141,45243,15.0,2.0,CCC-2014J,39.65205959684487
CCC,2014J,22,1208,54943,24.0,3.0,CCC-2014J,45.48261589403973
CCC,2014J,23,1040,32348,12.0,2.0,CCC-2014J,31.103846153846153
CCC,2014J,24,937,27742,10.0,2.0,CCC-2014J,29.60725720384205
CCC,2014J,25,858,27862,11.0,2.0,CCC-2014J,32.473193473193476
CCC,2014J,26,777,30431,11.0,2.0,CCC-2014J,39.16473616473616
CCC,2014J,27,835,35579,14.0,2.0,CCC-2014J,42.60958083832335
CCC,2014J,28,991,43847,18.0,2.0,CCC-2014J,44.245206861755804
CCC,2014J,29,1120,73816,35.0,3.0,CCC-2014J,65.90714285714286
CCC,2014J,30,1116,133495,78.5,3.0,CCC-2014J,119.61917562724014
CCC,2014J,31,905,51626,14.0,3.0,CCC-2014J,57.04530386740331
CCC,2014J,32,813,67192,20.0,2.0,CCC-2014J,82.6469864698647
CCC,2014J,33,868,94706,29.0,3.0,CCC-2014J,109.10829493087557
CCC,2014J,34,1097,121028,39.0,3.0,CCC-2014J,110.32634457611668
CCC,2014J,35,574,10591,7.0,2.0,CCC-2014J,18.451219512195124
CCC,2014J,36,516,4473,4.5,1.0,CCC-2014J,8.668604651162791
CCC,2014J,37,447,4364,4.0,1.0,CCC-2014J,9.762863534675615
CCC,2014J,38,312,1964,3.0,1.0,CCC-2014J,6.294871794871795
DDD,2013B,-3,484,15063,17.0,1.0,DDD-2013B,31.121900826446282
DDD,2013B,-2,871,35535,22.0,2.0,DDD-2013B,40.79793340987371
DDD,2013B,-1,941,53430,35.0,3.0,DDD-2013B,56.78002125398512
DDD,2013B,0,1039,70774,49.0,3.0,DDD-2013B,68.11742059672763
DDD,2013B,1,987,63112,45.0,3.0,DDD-2013B,63.94326241134752
DDD,2013B,2,1018,81053,56.0,4.0,DDD-2013B,79.61984282907662
DDD,2013B,3,1073,95389,74.0,4.0,DDD-2013B,88.89934762348555
DDD,2013B,4,932,56713,44.0,3.0,DDD-2013B,60.85085836909871
DDD,2013B,5,911,40928,29.0,3.0,DDD-2013B,44.926454445664106
DDD,2013B,6,904,48733,38.0,3.0,DDD-2013B,53.908185840707965
DDD,2013B,7,959,68841,60.0,4.0,DDD-2013B,71.78415015641293
DDD,2013B,8,798,25013,19.0,3.0,DDD-2013B,31.344611528822057
DDD,2013B,9,804,27508,20.0,3.0,DDD-2013B,34.21393034825871
DDD,2013B,10,828,31622,24.0,3.0,DDD-2013B,38.190821256038646
DDD,2013B,11,880,48875,44.0,4.0,DDD-2013B,55.53977272727273
DDD,2013B,12,761,23725,18.0,3.0,DDD-2013B,31.176084099868593
DDD,2013B,13,711,23714,19.0,3.0,DDD-2013B,33.353023909985936
DDD,2013B,14,716,23287,21.0,3.0,DDD-2013B,32.523743016759774
DDD,2013B,15,754,27708,23.0,3.0,DDD-2013B,36.748010610079575
DDD,2013B,16,793,53451,52.0,4.0,DDD-2013B,67.40353089533417
DDD,2013B,17,699,50081,48.0,4.0,DDD-2013B,71.64663805436338
DDD,2013B,18,674,47142,48.0,3.0,DDD-2013B,69.94362017804154
DDD,2013B,19,666,42868,45.0,3.0,DDD-2013B,64.36636636636636
DDD,2013B,20,670,43174,47.0,4.0,DDD-2013B,64.43880597014926
DDD,2013B,21,714,46568,54.0,4.0,DDD-2013B,65.22128851540616
DDD,2013B,22,577,19905,24.0,3.0,DDD-2013B,34.49740034662045
DDD,2013B,23,606,19012,20.0,3.0,DDD-2013B,31.372937293729372
DDD,2013B,24,633,20247,23.0,3.0,DDD-2013B,31.98578199052133
DDD,2013B,25,493,10440,13.0,2.0,DDD-2013B,21.176470588235293
DDD,2013B,26,464,10734,13.0,2.0,DDD-2013B,23.13362068965517
DDD,2013B,27,533,14585,19.0,2.0,DDD-2013B,27.363977485928704
DDD,2013B,28,605,25325,31.0,3.0,DDD-2013B,41.85950413223141
DDD,2013B,29,586,19409,20.0,3.0,DDD-2013B,33.12116040955632
DDD,2013B,30,523,18279,19.0,2.0,DDD-2013B,34.95028680688336
DDD,2013B,31,537,19143,22.0,2.0,DDD-2013B,35.64804469273743
DDD,2013B,32,577,23365,27.0,3.0,DDD-2013B,40.493934142114384
DDD,2013B,33,375,4173,5.0,2.0,DDD-2013B,11.128
DDD,2013B,34,183,929,3.0,1.0,DDD-2013B,5.076502732240437
DDD,2013J,-3,1093,43236,23.0,2.0,DDD-2013J,39.55718206770357
DDD,2013J,-2,1192,39163,21.0,2.0,DDD-2013J,32.85486577181208
DDD,2013J,-1,1342,60541,28.0,2.0,DDD-2013J,45.11251862891207
DDD,2013J,0,1453,86687,42.0,3.0,DDD-2013J,59.66070199587061
DDD,2013J,1,1459,76273,37.0,3.0,DDD-2013J,52.277587388622344
DDD,2013J,2,1376,76873,38.0,3.0,DDD-2013J,55.86700581395349
DDD,2013J,3,1510,100294,52.0,4.0,DDD-2013J,66.41986754966888
DDD,2013J,4,1356,64911,33.0,3.0,DDD-2013J,47.86946902654867
DDD,2013J,5,1290,50967,26.0,3.0,DDD-2013J,39.509302325581395
DDD,2013J,6,1220,62133,31.0,3.0,DDD-2013J,50.928688524590164
DDD,2013J,7,1329,71808,42.0,3.0,DDD-2013J,54.03160270880361
DDD,2013J,8,1103,31651,18.0,3.0,DDD-2013J,28.69537624660018
DDD,2013J,9,1004,23407,15.0,2.0,DDD-2013J,23.31374501992032
DDD,2013J,10,729,11909,10.0,2.0,DDD-2013J,16.3360768175583
DDD,2013J,11,1024,24654,16.0,2.0,DDD-2013J,24.076171875
DDD,2013J,12,1240,47157,30.0,3.0,DDD-2013J,38.02983870967742
DDD,2013J,13,1077,28732,16.0,3.0,DDD-2013J,26.677808727948005
DDD,2013J,14,1016,27384,16.0,2.0,DDD-2013J,26.95275590551181
DDD,2013J,15,993,26593,16.0,2.0,DDD-2013J,26.780463242698893
DDD,2013J,16,1042,35583,22.0,3.0,DDD-2013J,34.148752399232244
DDD,2013J,17,1136,59129,37.0,3.0,DDD-2013J,52.05017605633803
DDD,2013J,18,1025,58995,42.0,3.0,DDD-2013J,57.55609756097561
DDD,2013J,19,1023,58712,42.0,3.0,DDD-2013J,57.391984359726294
DDD,2013J,20,987,50293,35.0,3.0,DDD-2013J,50.95542046605876
DDD,2013J,21,940,43244,32.0,3.0,DDD-2013J,46.00425531914894
DDD,2013J,22,952,40016,32.0,3.0,DDD-2013J,42.03361344537815
DDD,2013J,23,1034,48494,38.0,3.0,DDD-2013J,46.89941972920696
DDD,2013J,24,880,24866,18.0,2.0,DDD-2013J,28.256818181818183
DDD,2013J,25,823,18440,14.0,2.0,DDD-2013J,22.40583232077764
DDD,2013J,26,731,14583,12.0,2.0,DDD-2013J,19.94938440492476
DDD,2013J,27,766,17810,14.0,2.0,DDD-2013J,23.25065274151436
DDD,2013J,28,833,23851,18.0,2.0,DDD-2013J,28.632653061224488
DDD,2013J,29,937,43638,31.0,3.0,DDD-2013J,46.57203842049093
DDD,2013J,30,807,42699,26.0,3.0,DDD-2013J,52.910780669144984
DDD,2013J,31,772,41470,25.0,3.0,DDD-2013J,53.71761658031088
DDD,2013J,32,819,55640,38.0,3.0,DDD-2013J,67.93650793650794
DDD,2013J,33,930,57165,39.0,3.0,DDD-2013J,61.46774193548387
DDD,2013J,34,513,5360,6.0,2.0,DDD-2013J,10.448343079922028
DDD,2013J,35,425,2814,4.0,1.0,DDD-2013J,6.621176470588235
DDD,2013J,36,402,2439,3.0,1.0,DDD-2013J,6.067164179104478
DDD,2013J,37,222,845,2.0,1.0,DDD-2013J,3.8063063063063063
DDD,2014B,-3,690,25584,23.0,2.0,DDD-2014B,37.07826086956522
DDD,2014B,-2,732,21499,15.5,2.0,DDD-2014B,29.370218579234972
DDD,2014B,-1,774,34510,28.0,2.0,DDD-2014B,44.58656330749354
DDD,2014B,0,922,59698,46.0,3.0,DDD-2014B,64.74837310195228
DDD,2014B,1,917,49085,39.0,3.0,DDD-2014B,53.527808069792805
DDD,2014B,2,903,51126,41.0,3.0,DDD-2014B,56.61794019933555
DDD,2014B,3,944,63154,51.0,4.0,DDD-2014B,66.90042372881356
DDD,2014B,4,840,38755,32.5,3.0,DDD-2014B,46.13690476190476
DDD,2014B,5,760,32251,25.0,3.0,DDD-2014B,42.435526315789474
DDD,2014B,6,754,29647,29.0,3.0,DDD-2014B,39.319628647214856
DDD,2014B,7,834,44262,42.5,3.0,DDD-2014B,53.07194244604317
DDD,2014B,8,712,18994,17.0,3.0,DDD-2014B,26.676966292134832
DDD,2014B,9,697,20803,19.0,3.0,DDD-2014B,29.84648493543759
DDD,2014B,10,735,27186,28.0,3.0,DDD-2014B,36.987755102040815
DDD,2014B,11,610,14016,14.0,2.0,DDD-2014B,22.977049180327867
DDD,2014B,12,602,12919,13.0,2.0,DDD-2014B,21.460132890365447
DDD,2014B,13,542,12461,12.0,2.0,DDD-2014B,22.990774907749078
DDD,2014B,14,554,12446,15.0,2.0,DDD-2014B,22.465703971119133
DDD,2014B,15,591,17307,21.0,3.0,DDD-2014B,29.284263959390863
DDD,2014B,16,655,31999,37.0,3.0,DDD-2014B,48.85343511450382
DDD,2014B,17,571,31360,38.0,3.0,DDD-2014B,54.92119089316988
DDD,2014B,18,553,28918,39.0,3.0,DDD-2014B,52.292947558770344
DDD,2014B,19,534,24833,32.0,3.0,DDD-2014B,46.50374531835206
DDD,2014B,20,522,21617,28.0,3.0,DDD-2014B,41.411877394636015
DDD,2014B,21,513,19405,27.0,3.0,DDD-2014B,37.826510721247566
DDD,2014B,22,565,25828,33.0,3.0,DDD-2014B,45.713274336283185
DDD,2014B,23,475,12823,18.0,3.0,DDD-2014B,26.995789473684212
DDD,2014B,24,425,9492,13.0,2.0,DDD-2014B,22.334117647058825
DDD,2014B,25,401,6717,10.0,2.0,DDD-2014B,16.75062344139651
DDD,2014B,26,403,7754,12.0,2.0,DDD-2014B,19.240694789081886
DDD,2014B,27,425,11744,19.0,2.0,DDD-2014B,27.632941176470588
DDD,2014B,28,503,18336,26.0,3.0,DDD-2014B,36.45328031809145
DDD,2014B,29,398,15457,17.0,2.0,DDD-2014B,38.836683417085425
DDD,2014B,30,419,16806,24.0,2.0,DDD-2014B,40.10978520286396
DDD,2014B,31,360,13387,22.0,2.0,DDD-2014B,37.18611111111111
DDD,2014B,32,507,29218,43.0,3.0,DDD-2014B,57.629191321499015
DDD,2014B,33,318,3358,6.0,2.0,DDD-2014B,10.559748427672956
DDD,2014B,34,188,1301,2.0,1.0,DDD-2014B,6.920212765957447
DDD,2014J,-4,862,26851,12.0,1.0,DDD-2014J,31.149651972157773
DDD,2014J,-3,869,15722,8.0,2.0,DDD-2014J,18.09205983889528
DDD,2014J,-2,1033,29303,12.0,2.0,DDD-2014J,28.366892545982576
DDD,2014J,-1,1278,71215,30.0,3.0,DDD-2014J,55.72378716744914
DDD,2014J,0,1413,92744,43.0,3.0,DDD-2014J,65.63623496107573
DDD,2014J,1,1324,63748,31.0,3.0,DDD-2014J,48.14803625377643
DDD,2014J,2,1383,67903,35.0,3.0,DDD-2014J,49.09833694866233
DDD,2014J,3,1277,56753,24.0,3.0,DDD-2014J,44.44244322631167
DDD,2014J,4,1206,54680,27.0,3.0,DDD-2014J,45.339966832504146
DDD,2014J,5,1306,62778,34.0,3.0,DDD-2014J,48.068912710566615
DDD,2014J,6,1173,43310,20.0,3.0,DDD-2014J,36.92242114236999
DDD,2014J,7,1084,33246,18.0,2.0,DDD-2014J,30.669741697416974
DDD,2014J,8,1210,46653,28.0,3.0,DDD-2014J,38.55619834710744
DDD,2014J,9,922,27665,14.0,2.0,DDD-2014J,30.00542299349241
DDD,2014J,10,657,12277,8.0,2.0,DDD-2014J,18.686453576864537
DDD,2014J,11,701,12450,8.0,1.0,DDD-2014J,17.76034236804565
DDD,2014J,12,971,25302,12.0,2.0,DDD-2014J,26.057672502574665
DDD,2014J,13,914,26909,14.0,2.0,DDD-2014J,29.440919037199123
DDD,2014J,14,925,25501,16.0,2.0,DDD-2014J,27.568648648648647
DDD,2014J,15,1124,46364,28.0,3.0,DDD-2014J,41.2491103202847
DDD,2014J,16,974,28597,16.5,2.0,DDD-2014J,29.360369609856264
DDD,2014J,17,900,28604,14.0,2.0,DDD-2014J,31.782222222222224
DDD,2014J,18,885,25131,15.0,2.0,DDD-2014J,28.396610169491524
DDD,2014J,19,912,27035,16.0,2.0,DDD-2014J,29.64364035087719
DDD,2014J,20,1042,46588,30.5,3.0,DDD-2014J,44.71017274472169
DDD,2014J,21,905,26045,15.0,2.0,DDD-2014J,28.77900552486188
DDD,2014J,22,848,22431,12.0,2.0,DDD-2014J,26.451650943396228
DDD,2014J,23,815,21438,14.0,2.0,DDD-2014J,26.304294478527606
DDD,2014J,24,738,16814,12.0,2.0,DDD-2014J,22.78319783197832
DDD,2014J,25,686,13765,10.0,2.0,DDD-2014J,20.065597667638485
DDD,2014J,26,789,17307,13.0,2.0,DDD-2014J,21.935361216730037
DDD,2014J,27,953,33510,25.0,3.0,DDD-2014J,35.16264428121721
DDD,2014J,28,751,20398,17.0,3.0,DDD-2014J,27.161118508655125
DDD,2014J,29,736,25040,16.0,2.0,DDD-2014J,34.02173913043478
DDD,2014J,30,695,26255,19.0,2.0,DDD-2014J,37.776978417266186
DDD,2014J,31,687,30321,25.0,2.0,DDD-2014J,44.1353711790393
DDD,2014J,32,708,26899,23.0,2.0,DDD-2014J,37.99293785310734
DDD,2014J,33,815,45866,33.0,3.0,DDD-2014J,56.277300613496934
DDD,2014J,34,898,43461,32.0,3.0,DDD-2014J,48.397550111358576
DDD,2014J,35,366,4781,7.0,1.0,DDD-2014J,13.062841530054644
DDD,2014J,36,318,2382,4.0,1.0,DDD-2014J,7.490566037735849
DDD,2014J,37,211,929,3.0,1.0,DDD-2014J,4.402843601895735
EEE,2013J,-2,522,27255,23.5,1.5,EEE-2013J,52.21264367816092
EEE,2013J,-1,658,45553,32.0,2.0,EEE-2013J,69.22948328267478
EEE,2013J,0,805,71114,53.0,3.0,EEE-2013J,88.34037267080745
EEE,2013J,1,798,74102,59.0,3.0,EEE-2013J,92.85964912280701
EEE,2013J,2,832,123870,138.0,3.0,EEE-2013J,148.88221153846155
EEE,2013J,3,765,55300,53.0,3.0,EEE-2013J,72.2875816993464
EEE,2013J,4,846,81459,84.0,4.0,EEE-2013J,96.2872340425532
EEE,2013J,5,761,35576,29.0,3.0,EEE-2013J,46.749014454664916
EEE,2013J,6,750,43559,38.0,3.0,EEE-2013J,58.07866666666666
EEE,2013J,7,733,44402,44.0,3.0,EEE-2013J,60.57571623465211
EEE,2013J,8,732,39716,42.0,3.0,EEE-2013J,54.256830601092894
EEE,2013J,9,775,56926,58.0,4.0,EEE-2013J,73.45290322580645
EEE,2013J,10,597,20403,19.0,2.0,EEE-2013J,34.175879396984925
EEE,2013J,11,382,8466,12.0,1.0,EEE-2013J,22.162303664921467
EEE,2013J,12,475,17225,14.0,1.0,EEE-2013J,36.26315789473684
EEE,2013J,13,611,21635,23.0,2.0,EEE-2013J,35.40916530278233
EEE,2013J,14,580,27029,31.0,3.0,EEE-2013J,46.601724137931036
EEE,2013J,15,615,32064,35.0,3.0,EEE-2013J,52.136585365853655
EEE,2013J,16,632,41276,44.5,3.0,EEE-2013J,65.31012658227849
EEE,2013J,17,707,63657,67.0,4.0,EEE-2013J,90.03818953323903
EEE,2013J,18,570,44115,47.0,3.0,EEE-2013J,77.39473684210526
EEE,2013J,19,598,58898,62.0,3.0,EEE-2013J,98.49163879598662
EEE,2013J,20,599,60171,70.0,3.0,EEE-2013J,100.45242070116862
EEE,2013J,21,618,74122,92.0,4.0,EEE-2013J,119.93851132686085
EEE,2013J,22,650,101461,129.5,4.0,EEE-2013J,156.09384615384616
EEE,2013J,23,528,25389,22.5,2.0,EEE-2013J,48.08522727272727
EEE,2013J,24,515,24615,25.0,2.0,EEE-2013J,47.79611650485437
EEE,2013J,25,465,21880,23.0,2.0,EEE-2013J,47.053763440860216
EEE,2013J,26,457,23040,31.0,2.0,EEE-2013J,50.415754923413566
EEE,2013J,27,476,32505,68.0,2.0,EEE-2013J,68.28781512605042
EEE,2013J,28,384,12532,18.0,2.0,EEE-2013J,32.635416666666664
EEE,2013J,29,389,11592,17.0,2.0,EEE-2013J,29.799485861182518
EEE,2013J,30,392,11729,16.0,2.0,EEE-2013J,29.92091836734694
EEE,2013J,31,434,14512,15.0,2.0,EEE-2013J,33.43778801843318
EEE,2013J,32,508,19126,22.5,2.0,EEE-2013J,37.6496062992126
EEE,2013J,33,567,29772,36.0,3.0,EEE-2013J,52.507936507936506
EEE,2013J,34,268,2361,6.0,1.0,EEE-2013J,8.809701492537313
EEE,2013J,35,232,1556,4.0,1.0,EEE-2013J,6.706896551724138
EEE,2013J,36,210,1414,4.0,1.0,EEE-2013J,6.733333333333333
EEE,2013J,37,191,1240,5.0,1.0,EEE-2013J,6.492146596858639
EEE,2013J,38,96,454,3.5,1.0,EEE-2013J,4.729166666666667
EEE,2014B,-3,303,11280,19.0,1.0,EEE-2014B,37.227722772277225
EEE,2014B,-2,345,15975,19.0,2.0,EEE-2014B,46.30434782608695
EEE,2014B,-1,392,20010,25.0,2.0,EEE-2014B,51.045918367346935
EEE,2014B,0,522,37597,42.0,3.0,EEE-2014B,72.02490421455938
EEE,2014B,1,508,36449,49.0,3.0,EEE-2014B,71.75
EEE,2014B,2,539,64900,114.0,3.0,EEE-2014B,120.40816326530613
EEE,2014B,3,499,30688,46.0,3.0,EEE-2014B,61.498997995991985
EEE,2014B,4,545,41643,64.0,4.0,EEE-2014B,76.4091743119266
EEE,2014B,5,480,19976,28.0,3.0,EEE-2014B,41.61666666666667
EEE,2014B,6,444,22379,35.0,3.0,EEE-2014B,50.403153153153156
EEE,2014B,7,444,25523,41.0,3.0,EEE-2014B,57.484234234234236
EEE,2014B,8,454,24236,36.0,3.0,EEE-2014B,53.38325991189427
EEE,2014B,9,471,31486,56.0,4.0,EEE-2014B,66.84925690021231
EEE,2014B,10,358,9977,15.0,2.0,EEE-2014B,27.868715083798882
EEE,2014B,11,336,7764,13.0,2.0,EEE-2014B,23.107142857142858
EEE,2014B,12,331,8831,14.0,2.0,EEE-2014B,26.6797583081571
EEE,2014B,13,331,10059,19.0,2.0,EEE-2014B,30.389728096676738
EEE,2014B,14,340,14083,31.5,2.0,EEE-2014B,41.42058823529412
EEE,2014B,15,388,19145,36.5,3.0,EEE-2014B,49.34278350515464
EEE,2014B,16,410,28248,57.0,3.0,EEE-2014B,68.89756097560975
EEE,2014B,17,362,26559,49.5,3.0,EEE-2014B,73.36740331491713
EEE,2014B,18,347,34320,67.0,3.0,EEE-2014B,98.90489913544668
EEE,2014B,19,360,37471,67.5,3.0,EEE-2014B,104.08611111111111
EEE,2014B,20,352,44827,86.5,3.0,EEE-2014B,127.34943181818181
EEE,2014B,21,386,55305,113.0,4.0,EEE-2014B,143.27720207253887
EEE,2014B,22,312,10738,17.0,2.0,EEE-2014B,34.416666666666664
EEE,2014B,23,287,10694,17.0,2.0,EEE-2014B,37.26132404181185
EEE,2014B,24,270,10142,16.5,2.0,EEE-2014B,37.56296296296296
EEE,2014B,25,251,9612,17.0,2.0,EEE-2014B,38.29482071713147
EEE,2014B,26,251,11503,25.0,2.0,EEE-2014B,45.82868525896414
EEE,2014B,27,281,18261,60.0,2.0,EEE-2014B,64.98576512455516
EEE,2014B,28,238,9432,23.5,2.0,EEE-2014B,39.63025210084034
EEE,2014B,29,252,11379,23.0,2.0,EEE-2014B,45.154761904761905
EEE,2014B,30,294,13225,29.5,2.0,EEE-2014B,44.98299319727891
EEE,2014B,31,297,10337,23.0,2.0,EEE-2014B,34.804713804713806
EEE,2014B,32,352,17890,35.5,3.0,EEE-2014B,50.82386363636363
EEE,2014B,33,143,1333,5.0,1.0,EEE-2014B,9.321678321678322
EEE,2014B,34,91,325,2.0,1.0,EEE-2014B,3.5714285714285716
EEE,2014J,-3,489,20059,18.0,1.0,EEE-2014J,41.02044989775051
EEE,2014J,-2,562,22926,16.0,2.0,EEE-2014J,40.79359430604982
EEE,2014J,-1,672,31991,20.0,2.0,EEE-2014J,47.60565476190476
EEE,2014J,0,912,73446,52.0,3.0,EEE-2014J,80.53289473684211
EEE,2014J,1,898,73231,56.0,3.0,EEE-2014J,81.54899777282851
EEE,2014J,2,932,116279,118.0,3.0,EEE-2014J,124.76287553648069
EEE,2014J,3,853,51752,47.0,3.0,EEE-2014J,60.67057444314185
EEE,2014J,4,936,71643,64.5,4.0,EEE-2014J,76.54166666666667
EEE,2014J,5,826,38601,32.0,3.0,EEE-2014J,46.732445520581116
EEE,2014J,6,817,46697,38.0,3.0,EEE-2014J,57.15667074663403
EEE,2014J,7,794,42265,38.0,3.0,EEE-2014J,53.230478589420656
EEE,2014J,8,793,44514,39.0,3.0,EEE-2014J,56.13366960907945
EEE,2014J,9,852,70782,71.0,4.0,EEE-2014J,83.0774647887324
EEE,2014J,10,639,18481,14.0,2.0,EEE-2014J,28.921752738654146
EEE,2014J,11,456,8774,9.0,1.0,EEE-2014J,19.24122807017544
EEE,2014J,12,455,10769,11.0,1.0,EEE-2014J,23.66813186813187
EEE,2014J,13,622,17565,17.0,2.0,EEE-2014J,28.239549839228296
EEE,2014J,14,636,22517,19.0,2.0,EEE-2014J,35.40408805031446
EEE,2014J,15,636,23998,25.0,2.0,EEE-2014J,37.73270440251572
EEE,2014J,16,680,35457,36.0,3.0,EEE-2014J,52.14264705882353
EEE,2014J,17,706,38473,39.0,3.0,EEE-2014J,54.494334277620396
EEE,2014J,18,775,58913,60.0,4.0,EEE-2014J,76.01677419354839
EEE,2014J,19,647,47565,46.0,3.0,EEE-2014J,73.516228748068
EEE,2014J,20,675,60731,63.0,3.0,EEE-2014J,89.97185185185185
EEE,2014J,21,659,64414,67.0,3.0,EEE-2014J,97.74506828528072
EEE,2014J,22,691,79572,76.0,4.0,EEE-2014J,115.1548480463097
EEE,2014J,23,740,115935,127.5,5.0,EEE-2014J,156.6689189189189
EEE,2014J,24,582,21763,19.0,2.0,EEE-2014J,37.393470790378004
EEE,2014J,25,554,16645,14.0,2.0,EEE-2014J,30.045126353790614
EEE,2014J,26,470,14811,12.0,2.0,EEE-2014J,31.51276595744681
EEE,2014J,27,503,19933,17.0,2.0,EEE-2014J,39.62823061630219
EEE,2014J,28,504,25235,27.0,2.0,EEE-2014J,50.06944444444444
EEE,2014J,29,550,39532,62.0,2.0,EEE-2014J,71.87636363636364
EEE,2014J,30,510,24304,31.0,2.0,EEE-2014J,47.654901960784315
EEE,2014J,31,536,24529,27.0,2.0,EEE-2014J,45.76305970149254
EEE,2014J,32,617,29610,29.0,3.0,EEE-2014J,47.9902755267423
EEE,2014J,33,668,32706,32.0,3.0,EEE-2014J,48.961077844311376
EEE,2014J,34,339,2789,5.0,1.0,EEE-2014J,8.227138643067846
EEE,2014J,35,295,1732,3.0,1.0,EEE-2014J,5.871186440677966
EEE,2014J,36,294,1467,3.0,1.0,EEE-2014J,4.989795918367347
EEE,2014J,37,255,1171,3.0,1.0,EEE-2014J,4.592156862745098
EEE,2014J,38,168,658,2.0,1.0,EEE-2014J,3.9166666666666665
FFF,2013B,-3,910,65819,40.0,2.0,FFF-2013B,72.32857142857142
FFF,2013B,-2,1059,69768,33.0,2.0,FFF-2013B,65.88101983002832
FFF,2013B,-1,1158,98498,49.0,3.0,FFF-2013B,85.0587219343696
FFF,2013B,0,1333,173209,89.0,4.0,FFF-2013B,129.93923480870217
FFF,2013B,1,1321,162232,93.0,4.0,FFF-2013B,122.80999242997729
FFF,2013B,2,1397,238089,140.0,4.0,FFF-2013B,170.42877594846098
FFF,2013B,3,1296,163097,97.0,4.0,FFF-2013B,125.84645061728395
FFF,2013B,4,1237,143723,82.0,4.0,FFF-2013B,116.18674211802748
FFF,2013B,5,1224,138032,85.0,4.0,FFF-2013B,112.77124183006536
FFF,2013B,6,1308,180023,114.0,4.0,FFF-2013B,137.6322629969419
FFF,2013B,7,1128,113831,61.0,3.0,FFF-2013B,100.91400709219859
FFF,2013B,8,1045,83113,49.0,3.0,FFF-2013B,79.53397129186602
FFF,2013B,9,1039,87750,49.0,3.0,FFF-2013B,84.45620789220405
FFF,2013B,10,1065,91680,51.0,3.0,FFF-2013B,86.08450704225352
FFF,2013B,11,1073,100423,60.0,3.0,FFF-2013B,93.59086672879776
FFF,2013B,12,1138,148429,108.0,4.0,FFF-2013B,130.42970123022846
FFF,2013B,13,982,92072,63.0,3.0,FFF-2013B,93.75967413441956
FFF,2013B,14,955,81756,52.0,3.0,FFF-2013B,85.60837696335078
FFF,2013B,15,894,70446,47.0,3.0,FFF-2013B,78.79865771812081
FFF,2013B,16,867,69894,50.0,3.0,FFF-2013B,80.6159169550173
FFF,2013B,17,941,95366,68.0,3.0,FFF-2013B,101.34537725823591
FFF,2013B,18,1035,147362,114.0,4.0,FFF-2013B,142.37874396135265
FFF,2013B,19,893,108066,79.0,4.0,FFF-2013B,121.01455767077267
FFF,2013B,20,889,110308,83.0,4.0,FFF-2013B,124.08098987626546
FFF,2013B,21,872,106358,76.5,4.0,FFF-2013B,121.97018348623853
FFF,2013B,22,841,91578,67.0,3.0,FFF-2013B,108.89179548156956
FFF,2013B,23,931,125994,100.0,4.0,FFF-2013B,135.33190118152524
FFF,2013B,24,790,86881,65.0,3.0,FFF-2013B,109.9759493670886
FFF,2013B,25,771,79868,45.0,3.0,FFF-2013B,103.59014267185474
FFF,2013B,26,699,88364,70.0,3.0,FFF-2013B,126.41487839771102
FFF,2013B,27,695,86370,66.0,3.0,FFF-2013B,124.27338129496403
FFF,2013B,28,712,98511,70.0,3.0,FFF-2013B,138.35814606741573
FFF,2013B,29,736,115047,92.0,3.0,FFF-2013B,156.3138586956522
FFF,2013B,30,840,152545,120.5,4.0,FFF-2013B,181.60119047619048
FFF,2013B,31,898,248652,184.0,4.0,FFF-2013B,276.8953229398664
FFF,2013B,32,547,6572,6.0,2.0,FFF-2013B,12.014625228519195
FFF,2013B,33,481,3588,4.0,1.0,FFF-2013B,7.45945945945946
FFF,2013B,34,282,2710,2.0,1.0,FFF-2013B,9.609929078014185
FFF,2013J,-3,1165,58091,25.0,2.0,FFF-2013J,49.86351931330472
FFF,2013J,-2,1343,64033,23.0,2.0,FFF-2013J,47.679076693968724
FFF,2013J,-1,1588,105130,37.0,2.0,FFF-2013J,66.20277078085643
FFF,2013J,0,1842,242970,93.0,4.0,FFF-2013J,131.90553745928338
FFF,2013J,1,1812,212223,77.0,4.0,FFF-2013J,117.12086092715232
FFF,2013J,2,1870,295373,118.0,4.0,FFF-2013J,157.9534759358289
FFF,2013J,3,1695,205378,84.0,4.0,FFF-2013J,121.1669616519174
FFF,2013J,4,1682,185211,76.0,4.0,FFF-2013J,110.11355529131986
FFF,2013J,5,1634,174746,75.5,4.0,FFF-2013J,106.94369645042839
FFF,2013J,6,1736,210375,91.0,4.0,FFF-2013J,121.18375576036867
FFF,2013J,7,1508,152502,64.5,3.0,FFF-2013J,101.12864721485411
FFF,2013J,8,1436,110510,42.0,3.0,FFF-2013J,76.95682451253482
FFF,2013J,9,1289,99923,43.0,3.0,FFF-2013J,77.51978277734678
FFF,2013J,10,1158,84188,36.0,3.0,FFF-2013J,72.70120898100173
FFF,2013J,11,917,43083,23.0,2.0,FFF-2013J,46.98255179934569
FFF,2013J,12,1232,95762,41.0,2.0,FFF-2013J,77.7288961038961
FFF,2013J,13,1507,184378,88.0,4.0,FFF-2013J,122.3477106834771
FFF,2013J,14,1292,133031,70.0,3.0,FFF-2013J,102.96517027863777
FFF,2013J,15,1226,113746,59.0,3.0,FFF-2013J,92.77814029363785
FFF,2013J,16,1178,92210,45.0,3.0,FFF-2013J,78.276740237691
FFF,2013J,17,1201,93006,48.0,3.0,FFF-2013J,77.44046627810158
FFF,2013J,18,1349,165711,94.0,4.0,FFF-2013J,122.8398813936249
FFF,2013J,19,1174,115408,74.0,4.0,FFF-2013J,98.30323679727428
FFF,2013J,20,1159,130147,77.0,4.0,FFF-2013J,112.29249352890423
FFF,2013J,21,1137,133701,75.0,3.0,FFF-2013J,117.5910290237467
FFF,2013J,22,1089,122570,71.0,3.0,FFF-2013J,112.55280073461891
FFF,2013J,23,1145,107193,59.0,3.0,FFF-2013J,93.61834061135372
FFF,2013J,24,1233,143604,84.0,4.0,FFF-2013J,116.46715328467154
FFF,2013J,25,993,92335,48.0,3.0,FFF-2013J,92.98590130916415
FFF,2013J,26,967,81849,39.0,3.0,FFF-2013J,84.64219234746639
FFF,2013J,27,852,76389,41.0,2.0,FFF-2013J,89.65845070422536
FFF,2013J,28,836,80328,53.0,2.0,FFF-2013J,96.08612440191388
FFF,2013J,29,900,99995,60.5,2.0,FFF-2013J,111.10555555555555
FFF,2013J,30,918,128788,85.0,3.0,FFF-2013J,140.29193899782135
FFF,2013J,31,959,132001,74.0,3.0,FFF-2013J,137.6444212721585
FFF,2013J,32,1065,147431,84.0,3.0,FFF-2013J,138.43286384976525
FFF,2013J,33,1151,249661,128.0,4.0,FFF-2013J,216.9079061685491
FFF,2013J,34,652,8594,5.0,1.5,FFF-2013J,13.180981595092025
FFF,2013J,35,561,5730,4.0,1.0,FFF-2013J,10.213903743315509
FFF,2013J,36,518,4395,3.0,1.0,FFF-2013J,8.484555984555984
FFF,2013J,37,502,3487,3.0,1.0,FFF-2013J,6.946215139442231
FFF,2013J,38,267,1237,2.0,1.0,FFF-2013J,4.632958801498128
FFF,2014B,-3,722,33554,26.0,2.0,FFF-2014B,46.473684210526315
FFF,2014B,-2,788,36525,22.0,2.0,FFF-2014B,46.351522842639596
FFF,2014B,-1,918,50534,30.0,2.0,FFF-2014B,55.0479302832244
FFF,2014B,0,1172,151852,89.5,4.0,FFF-2014B,129.5665529010239
FFF,2014B,1,1138,124128,72.5,3.0,FFF-2014B,109.0755711775044
FFF,2014B,2,1118,141984,92.0,4.0,FFF-2014B,126.99821109123435
FFF,2014B,3,1184,153464,95.0,4.0,FFF-2014B,129.61486486486487
FFF,2014B,4,1078,110102,65.5,4.0,FFF-2014B,102.13543599257885
FFF,2014B,5,1019,85996,53.0,3.0,FFF-2014B,84.39254170755643
FFF,2014B,6,1034,85958,56.0,3.0,FFF-2014B,83.13152804642166
FFF,2014B,7,1102,127836,84.0,4.0,FFF-2014B,116.00362976406534
FFF,2014B,8,896,70096,45.5,3.0,FFF-2014B,78.23214285714286
FFF,2014B,9,846,69702,45.0,3.0,FFF-2014B,82.39007092198581
FFF,2014B,10,836,58057,37.0,2.0,FFF-2014B,69.44617224880383
FFF,2014B,11,876,67893,45.0,3.0,FFF-2014B,77.50342465753425
FFF,2014B,12,958,87222,64.0,3.0,FFF-2014B,91.04592901878914
FFF,2014B,13,785,75696,56.0,3.0,FFF-2014B,96.42802547770701
FFF,2014B,14,746,61348,44.0,3.0,FFF-2014B,82.23592493297588
FFF,2014B,15,710,52082,41.5,3.0,FFF-2014B,73.35492957746479
FFF,2014B,16,687,48398,41.0,2.0,FFF-2014B,70.44832605531296
FFF,2014B,17,747,57239,49.0,3.0,FFF-2014B,76.6251673360107
FFF,2014B,18,830,95593,94.0,4.0,FFF-2014B,115.1722891566265
FFF,2014B,19,706,70691,67.0,3.0,FFF-2014B,100.12889518413597
FFF,2014B,20,692,74476,70.0,3.0,FFF-2014B,107.6242774566474
FFF,2014B,21,657,74708,69.0,3.0,FFF-2014B,113.71080669710807
FFF,2014B,22,644,60616,56.0,3.0,FFF-2014B,94.12422360248448
FFF,2014B,23,679,61887,53.0,3.0,FFF-2014B,91.14432989690722
FFF,2014B,24,741,77209,68.0,3.0,FFF-2014B,104.19568151147098
FFF,2014B,25,593,60253,54.0,3.0,FFF-2014B,101.6070826306914
FFF,2014B,26,565,58504,52.0,3.0,FFF-2014B,103.54690265486725
FFF,2014B,27,551,71859,78.0,3.0,FFF-2014B,130.41560798548093
FFF,2014B,28,561,66085,66.0,3.0,FFF-2014B,117.79857397504456
FFF,2014B,29,582,77277,76.0,3.0,FFF-2014B,132.77835051546393
FFF,2014B,30,634,77822,60.0,3.0,FFF-2014B,122.74763406940063
FFF,2014B,31,655,84656,65.0,3.0,FFF-2014B,129.24580152671757
FFF,2014B,32,697,132766,100.0,3.0,FFF-2014B,190.48206599713055
FFF,2014B,33,398,3788,4.0,1.0,FFF-2014B,9.517587939698492
FFF,2014B,34,302,1448,2.0,1.0,FFF-2014B,4.7947019867549665
FFF,2014J,-3,1116,54609,26.0,2.0,FFF-2014J,48.93279569892473
FFF,2014J,-2,1265,49823,18.0,2.0,FFF-2014J,39.385770750988144
FFF,2014J,-1,1554,102720,33.5,2.0,FFF-2014J,66.1003861003861
FFF,2014J,0,1829,247276,98.0,4.0,FFF-2014J,135.1973756150902
FFF,2014J,1,1770,202804,79.0,4.0,FFF-2014J,114.57853107344633
FFF,2014J,2,1790,242747,101.0,4.0,FFF-2014J,135.61284916201117
FFF,2014J,3,1804,237495,98.0,4.0,FFF-2014J,131.64911308203992
FFF,2014J,4,1648,176321,75.0,4.0,FFF-2014J,106.99089805825243
FFF,2014J,5,1587,148113,64.0,4.0,FFF-2014J,93.3289224952741
FFF,2014J,6,1547,162437,73.0,4.0,FFF-2014J,105.00129282482224
FFF,2014J,7,1644,180167,78.0,4.0,FFF-2014J,109.59063260340632
FFF,2014J,8,1414,116572,42.0,3.0,FFF-2014J,82.44130127298445
FFF,2014J,9,1295,105660,47.0,3.0,FFF-2014J,81.59073359073359
FFF,2014J,10,1144,82845,41.0,3.0,FFF-2014J,72.41695804195804
FFF,2014J,11,921,54614,27.0,2.0,FFF-2014J,59.2985884907709
FFF,2014J,12,1205,96425,46.0,3.0,FFF-2014J,80.02074688796681
FFF,2014J,13,1442,165096,85.5,4.0,FFF-2014J,114.49098474341193
FFF,2014J,14,1273,127772,64.0,3.0,FFF-2014J,100.37077769049489
FFF,2014J,15,1218,112637,55.0,3.0,FFF-2014J,92.47701149425288
FFF,2014J,16,1145,116464,57.0,3.0,FFF-2014J,101.71528384279476
FFF,2014J,17,1152,95924,50.5,3.0,FFF-2014J,83.26736111111111
FFF,2014J,18,1237,118249,61.0,3.0,FFF-2014J,95.59337105901375
FFF,2014J,19,1324,183449,111.5,4.0,FFF-2014J,138.55664652567975
FFF,2014J,20,1162,144778,85.0,4.0,FFF-2014J,124.59380378657487
FFF,2014J,21,1155,135107,78.0,4.0,FFF-2014J,116.97575757575757
FFF,2014J,22,1080,138944,82.0,3.0,FFF-2014J,128.65185185185186
FFF,2014J,23,1039,101292,60.0,3.0,FFF-2014J,97.48989412897016
FFF,2014J,24,985,87739,54.0,3.0,FFF-2014J,89.0751269035533
FFF,2014J,25,977,86237,45.0,3.0,FFF-2014J,88.26714431934494
FFF,2014J,26,981,71477,38.0,2.0,FFF-2014J,72.86136595310907
FFF,2014J,27,1096,88311,47.0,3.0,FFF-2014J,80.5757299270073
FFF,2014J,28,1183,129683,71.0,3.0,FFF-2014J,109.62214708368555
FFF,2014J,29,1032,115243,59.0,3.0,FFF-2014J,111.66957364341086
FFF,2014J,30,1008,127529,79.0,3.0,FFF-2014J,126.51686507936508
FFF,2014J,31,1007,142565,89.0,3.0,FFF-2014J,141.57398212512413
FFF,2014J,32,1033,153772,88.0,3.0,FFF-2014J,148.8596321393998
FFF,2014J,33,1108,201322,111.0,3.0,FFF-2014J,181.6985559566787
FFF,2014J,34,1137,224662,115.0,3.0,FFF-2014J,197.59190853122251
FFF,2014J,35,652,8247,4.0,1.0,FFF-2014J,12.64877300613497
FFF,2014J,36,570,4854,4.0,1.0,FFF-2014J,8.51578947368421
FFF,2014J,37,543,3674,4.0,1.0,FFF-2014J,6.766114180478821
FFF,2014J,38,359,1688,2.0,1.0,FFF-2014J,4.701949860724234
GGG,2013J,-3,148,2417,9.0,1.0,GGG-2013J,16.33108108108108
GGG,2013J,-2,381,10650,14.0,1.0,GGG-2013J,27.95275590551181
GGG,2013J,-1,393,9290,14.0,1.0,GGG-2013J,23.638676844783713
GGG,2013J,0,538,14610,17.0,2.0,GGG-2013J,27.156133828996282
GGG,2013J,1,521,12114,14.0,2.0,GGG-2013J,23.25143953934741
GGG,2013J,2,460,8605,12.0,1.0,GGG-2013J,18.706521739130434
GGG,2013J,3,419,8279,12.0,1.0,GGG-2013J,19.758949880668258
GGG,2013J,4,408,6694,10.0,1.0,GGG-2013J,16.40686274509804
GGG,2013J,5,374,5557,9.0,1.0,GGG-2013J,14.858288770053475
GGG,2013J,6,409,6016,10.0,1.0,GGG-2013J,14.709046454767726
GGG,2013J,7,376,5642,8.5,1.0,GGG-2013J,15.00531914893617
GGG,2013J,8,505,7610,7.0,1.0,GGG-2013J,15.069306930693068
GGG,2013J,9,372,4278,6.0,1.0,GGG-2013J,11.5
GGG,2013J,10,199,1883,4.0,1.0,GGG-2013J,9.462311557788945
GGG,2013J,11,275,4382,9.0,1.0,GGG-2013J,15.934545454545454
GGG,2013J,12,519,19720,28.0,2.0,GGG-2013J,37.99614643545279
GGG,2013J,13,462,14885,24.0,2.0,GGG-2013J,32.21861471861472
GGG,2013J,14,479,12235,17.0,2.0,GGG-2013J,25.542797494780793
GGG,2013J,15,454,12209,17.0,2.0,GGG-2013J,26.8920704845815
GGG,2013J,16,430,9607,13.0,2.0,GGG-2013J,22.34186046511628
GGG,2013J,17,541,14849,14.0,2.0,GGG-2013J,27.44731977818854
GGG,2013J,18,496,20255,27.0,2.0,GGG-2013J,40.836693548387096
GGG,2013J,19,484,20078,29.0,2.0,GGG-2013J,41.48347107438016
GGG,2013J,20,451,15178,23.0,2.0,GGG-2013J,33.65410199556541
GGG,2013J,21,487,24942,37.0,2.0,GGG-2013J,51.215605749486656
GGG,2013J,22,462,20090,35.0,2.0,GGG-2013J,43.484848484848484
GGG,2013J,23,474,16479,23.0,2.0,GGG-2013J,34.765822784810126
GGG,2013J,24,542,17559,22.0,2.0,GGG-2013J,32.396678966789665
GGG,2013J,25,448,12023,14.5,2.0,GGG-2013J,26.837053571428573
GGG,2013J,26,426,15333,22.0,2.0,GGG-2013J,35.99295774647887
GGG,2013J,27,407,14045,24.0,1.0,GGG-2013J,34.50859950859951
GGG,2013J,28,444,22116,38.0,2.0,GGG-2013J,49.810810810810814
GGG,2013J,29,448,19809,32.5,2.0,GGG-2013J,44.216517857142854
GGG,2013J,30,444,21630,36.0,2.0,GGG-2013J,48.71621621621622
GGG,2013J,31,475,19161,26.0,2.0,GGG-2013J,40.33894736842105
GGG,2013J,32,546,29275,35.0,2.0,GGG-2013J,53.61721611721612
GGG,2013J,33,178,1437,3.0,1.0,GGG-2013J,8.073033707865168
GGG,2013J,34,135,706,2.0,1.0,GGG-2013J,5.229629629629629
GGG,2013J,35,111,399,2.0,1.0,GGG-2013J,3.5945945945945947
GGG,2013J,36,112,396,2.0,1.0,GGG-2013J,3.5357142857142856
GGG,2013J,37,51,109,1.0,1.0,GGG-2013J,2.1372549019607843
GGG,2014B,-2,147,3062,15.0,1.0,GGG-2014B,20.829931972789115
GGG,2014B,-1,396,11888,16.5,1.0,GGG-2014B,30.02020202020202
GGG,2014B,0,528,17052,18.0,2.0,GGG-2014B,32.29545454545455
GGG,2014B,1,491,11700,15.0,2.0,GGG-2014B,23.828920570264767
GGG,2014B,2,401,8923,13.0,2.0,GGG-2014B,22.251870324189525
GGG,2014B,3,384,6841,12.0,1.0,GGG-2014B,17.815104166666668
GGG,2014B,4,372,7377,11.0,1.0,GGG-2014B,19.830645161290324
GGG,2014B,5,328,6874,12.0,1.0,GGG-2014B,20.95731707317073
GGG,2014B,6,355,6751,10.0,1.0,GGG-2014B,19.016901408450703
GGG,2014B,7,366,7682,11.0,1.0,GGG-2014B,20.989071038251367
GGG,2014B,8,459,10102,9.0,1.0,GGG-2014B,22.00871459694989
GGG,2014B,9,415,9119,10.0,1.0,GGG-2014B,21.973493975903615
GGG,2014B,10,415,12202,20.0,1.0,GGG-2014B,29.402409638554218
GGG,2014B,11,350,10106,19.0,1.0,GGG-2014B,28.874285714285715
GGG,2014B,12,352,9806,16.0,1.5,GGG-2014B,27.857954545454547
GGG,2014B,13,334,8303,15.0,1.0,GGG-2014B,24.85928143712575
GGG,2014B,14,392,9302,14.0,1.0,GGG-2014B,23.729591836734695
GGG,2014B,15,345,7638,14.0,1.0,GGG-2014B,22.139130434782608
GGG,2014B,16,418,10680,14.0,2.0,GGG-2014B,25.550239234449762
GGG,2014B,17,393,16946,26.0,2.0,GGG-2014B,43.11959287531807
GGG,2014B,18,362,15027,27.0,2.0,GGG-2014B,41.511049723756905
GGG,2014B,19,361,13843,26.0,2.0,GGG-2014B,38.34626038781163
GGG,2014B,20,368,17914,38.0,2.0,GGG-2014B,48.67934782608695
GGG,2014B,21,357,14014,25.0,2.0,GGG-2014B,39.254901960784316
GGG,2014B,22,379,14010,24.0,2.0,GGG-2014B,36.96569920844327
GGG,2014B,23,451,14933,20.0,2.0,GGG-2014B,33.110864745011085
GGG,2014B,24,338,10619,18.0,2.0,GGG-2014B,31.41715976331361
GGG,2014B,25,330,13246,27.5,2.0,GGG-2014B,40.13939393939394
GGG,2014B,26,311,12416,31.0,2.0,GGG-2014B,39.92282958199357
GGG,2014B,27,334,16727,37.5,2.0,GGG-2014B,50.08083832335329
GGG,2014B,28,306,12717,32.0,2.0,GGG-2014B,41.55882352941177
GGG,2014B,29,340,16471,37.5,2.0,GGG-2014B,48.444117647058825
GGG,2014B,30,374,16519,33.5,2.0,GGG-2014B,44.168449197860966
GGG,2014B,31,416,19258,27.0,2.0,GGG-2014B,46.29326923076923
GGG,2014B,32,164,1101,3.0,1.0,GGG-2014B,6.713414634146342
GGG,2014B,33,126,830,3.0,1.0,GGG-2014B,6.587301587301587
GGG,2014B,34,75,230,2.0,1.0,GGG-2014B,3.066666666666667
GGG,2014J,-3,119,3932,17.0,1.0,GGG-2014J,33.04201680672269
GGG,2014J,-2,235,8157,18.0,1.0,GGG-2014J,34.71063829787234
GGG,2014J,-1,332,11272,17.0,2.0,GGG-2014J,33.95180722891566
GGG,2014J,0,468,21399,25.0,2.0,GGG-2014J,45.72435897435897
GGG,2014J,1,467,13692,18.0,2.0,GGG-2014J,29.319057815845824
GGG,2014J,2,399,9667,15.0,2.0,GGG-2014J,24.228070175438596
GGG,2014J,3,375,8686,13.0,1.0,GGG-2014J,23.162666666666667
GGG,2014J,4,382,8108,12.0,1.0,GGG-2014J,21.225130890052355
GGG,2014J,5,343,6512,12.0,1.0,GGG-2014J,18.985422740524783
GGG,2014J,6,331,6686,12.0,1.0,GGG-2014J,20.199395770392748
GGG,2014J,7,322,5802,12.0,1.0,GGG-2014J,18.018633540372672
GGG,2014J,8,430,6940,8.0,2.0,GGG-2014J,16.13953488372093
GGG,2014J,9,356,5156,7.5,1.0,GGG-2014J,14.48314606741573
GGG,2014J,10,335,9911,18.0,1.0,GGG-2014J,29.585074626865673
GGG,2014J,11,144,2862,8.5,1.0,GGG-2014J,19.875
GGG,2014J,12,197,4538,13.0,1.0,GGG-2014J,23.03553299492386
GGG,2014J,13,334,8545,18.0,1.0,GGG-2014J,25.58383233532934
GGG,2014J,14,320,7650,15.0,1.0,GGG-2014J,23.90625
GGG,2014J,15,315,6867,14.0,2.0,GGG-2014J,21.8
GGG,2014J,16,313,7615,15.0,1.0,GGG-2014J,24.329073482428115
GGG,2014J,17,398,11515,16.0,2.0,GGG-2014J,28.9321608040201
GGG,2014J,18,370,15040,27.5,2.0,GGG-2014J,40.648648648648646
GGG,2014J,19,342,13188,24.5,2.0,GGG-2014J,38.56140350877193
GGG,2014J,20,349,11354,19.0,2.0,GGG-2014J,32.532951289398284
GGG,2014J,21,345,16496,38.0,2.0,GGG-2014J,47.81449275362319
GGG,2014J,22,323,13332,27.0,2.0,GGG-2014J,41.27554179566563
GGG,2014J,23,339,10214,19.0,2.0,GGG-2014J,30.129793510324482
GGG,2014J,24,417,12727,21.0,2.0,GGG-2014J,30.520383693045563
GGG,2014J,25,324,7970,13.0,2.0,GGG-2014J,24.598765432098766
GGG,2014J,26,272,7869,15.0,2.0,GGG-2014J,28.93014705882353
GGG,2014J,27,339,16229,35.0,2.0,GGG-2014J,47.87315634218289
GGG,2014J,28,318,14874,37.5,2.0,GGG-2014J,46.77358490566038
GGG,2014J,29,310,11950,27.5,2.0,GGG-2014J,38.54838709677419
GGG,2014J,30,334,14820,31.0,2.0,GGG-2014J,44.37125748502994
GGG,2014J,31,352,15943,28.5,2.0,GGG-2014J,45.29261363636363
GGG,2014J,32,401,21870,38.0,2.0,GGG-2014J,54.53865336658354
GGG,2014J,33,95,452,2.0,1.0,GGG-2014J,4.757894736842105
GGG,2014J,34,80,350,3.0,1.0,GGG-2014J,4.375
GGG,2014J,35,70,314,2.0,1.0,GGG-2014J,4.485714285714286
GGG,2014J,36,69,254,2.0,1.0,GGG-2014J,3.681159420289855
GGG,2014J,37,68,248,2.0,1.0,GGG-2014J,3.6470588235294117
GGG,2014J,38,35,113,2.0,1.0,GGG-2014J,3.2285714285714286
