study_week,final_result,active_student_count,weekly_click_sum,weekly_click_median,weekly_click_mean,active_days_sum,active_days_median,interacted_sites_median,total_students_in_result,active_student_pct,click_per_active_student
-4,Distinction,80,4565,38.5,57.0625,156,2.0,10.0,3024.0,0.026455026455026454,57.0625
-4,Pass,561,25815,20.0,46.01604278074866,1041,2.0,6.0,12361.0,0.04538467761507969,46.01604278074866
-4,Fail,176,3830,9.0,21.761363636363637,273,1.0,3.0,7052.0,0.024957458876914352,21.761363636363637
-4,Withdrawn,259,8208,12.0,31.69111969111969,426,1.0,4.0,10156.0,0.025502166207168178,31.69111969111969
-3,Distinction,1261,79610,31.0,59.857142857142854,2866,2.0,9.0,3024.0,0.4169973544973545,63.13243457573355
-3,Pass,4362,202491,22.0,44.562279929577464,8833,2.0,8.0,12361.0,0.35288407086805273,46.421595598349384
-3,Fail,1888,60588,14.0,31.21483771251932,3302,1.0,6.0,7052.0,0.26772546795235397,32.09110169491525
-3,Withdrawn,2540,82767,14.0,30.46264262053736,4674,1.0,5.0,10156.0,0.2500984639621898,32.585433070866145
-2,Distinction,1958,118951,28.0,58.195205479452056,5214,2.0,8.0,3024.0,0.6474867724867724,60.75127681307457
-2,Pass,7122,310838,21.0,42.153241117439656,16467,2.0,6.0,12361.0,0.5761669767818137,43.644762707104746
-2,Fail,2954,91185,14.0,30.133840052875083,5769,1.0,5.0,7052.0,0.4188882586500284,30.868314150304673
-2,Withdrawn,3528,110849,13.0,29.70230439442658,7585,2.0,5.0,10156.0,0.3473808586057503,31.419784580498867
-1,Distinction,2330,183907,40.0,75.74423393739704,7660,3.0,9.0,3024.0,0.7705026455026455,78.93004291845493
-1,Pass,8746,489229,28.0,54.05845303867403,24549,2.0,7.0,12361.0,0.7075479330151282,55.937457123256344
-1,Fail,3794,148681,18.0,38.359391124871,8652,2.0,6.0,7052.0,0.5380034032898469,39.18845545598313
-1,Withdrawn,4195,171127,17.0,38.41234567901235,10285,2.0,6.0,10156.0,0.4130563213863726,40.793087008343264
0,Distinction,2610,331220,78.0,121.95139911634757,10674,4.0,12.0,3024.0,0.8630952380952381,126.90421455938697
0,Pass,10295,968086,54.0,90.5430228208006,36212,3.0,11.0,12361.0,0.832861418979047,94.03457989315201
0,Fail,4877,304252,33.0,60.60796812749004,13583,2.0,8.0,7052.0,0.6915768576290414,62.38507279064999
0,Withdrawn,4865,339415,34.0,64.89770554493307,14897,2.0,8.0,10156.0,0.4790271760535644,69.7667009249743
1,Distinction,2638,295914,71.0,107.52688953488372,10546,4.0,10.0,3024.0,0.8723544973544973,112.17361637604246
1,Pass,10338,881750,49.0,82.06142391810144,35786,3.0,9.0,12361.0,0.8363401019335005,85.29212613658348
1,Fail,4655,263117,29.0,55.04539748953975,12410,2.0,7.0,7052.0,0.6600964265456608,56.523523093447906
1,Withdrawn,4567,293807,32.0,60.070946636679615,13653,2.0,7.0,10156.0,0.44968491532099253,64.33260345960149
2,Distinction,2643,345255,81.0,125.18310369833212,11160,4.0,10.0,3024.0,0.8740079365079365,130.62996594778662
2,Pass,10674,1107804,66.0,99.70335703357034,39925,3.0,10.0,12361.0,0.8635223687403931,103.78527262507026
2,Fail,4927,381199,44.0,74.98013375295044,14687,3.0,8.0,7052.0,0.698667044809983,77.36939313984169
2,Withdrawn,4539,401895,52.0,82.54158964879852,14755,3.0,8.0,10156.0,0.44692792437967704,88.54263053536022
3,Distinction,2589,275990,58.0,102.18067382450944,10561,4.0,9.0,3024.0,0.8561507936507936,106.60100424874469
3,Pass,10195,835573,45.0,78.8722861997357,37356,3.0,8.0,12361.0,0.8247714586198528,81.95909759686121
3,Fail,4486,255973,29.0,55.6705089169204,13083,2.0,7.0,7052.0,0.6361315938740782,57.060410164957645
3,Withdrawn,3985,245625,31.0,57.903111739745405,12435,3.0,7.0,10156.0,0.3923788893265065,61.637390213299874
4,Distinction,2600,254766,55.0,93.73289183222958,10674,4.0,8.0,3024.0,0.8597883597883598,97.98692307692308
4,Pass,10217,777462,45.0,72.97371879106439,37176,3.0,8.0,12361.0,0.8265512498988755,76.09493980620535
4,Fail,4249,219123,25.0,49.993839835728956,11998,2.0,6.0,7052.0,0.6025241066364152,51.57048717345258
4,Withdrawn,3677,204948,27.0,52.47004608294931,11382,3.0,6.0,10156.0,0.3620519889720362,55.73782975251564
5,Distinction,2575,214377,47.0,79.72368910375604,9887,4.0,8.0,3024.0,0.8515211640211641,83.25320388349515
5,Pass,9983,655225,36.0,63.142044907005875,34001,3.0,7.0,12361.0,0.8076207426583609,65.63407793248523
5,Fail,3866,168322,20.0,42.58082469010878,10052,2.0,5.0,7052.0,0.5482132728304028,43.53905845835489
5,Withdrawn,3180,146441,22.0,43.81837223219629,8883,2.0,5.0,10156.0,0.31311539976368646,46.05062893081761
6,Distinction,2576,239627,53.0,89.4798356982823,10147,4.0,8.0,3024.0,0.8518518518518519,93.02290372670808
6,Pass,10191,731700,41.0,69.35545023696683,35459,3.0,7.0,12361.0,0.824447860205485,71.79864586399765
6,Fail,3920,188058,23.0,47.167795334838225,10308,2.0,5.0,7052.0,0.5558706749858197,47.97397959183674
6,Withdrawn,2893,143140,24.0,47.365982792852414,8010,2.0,5.0,10156.0,0.2848562426152028,49.47805046664362
7,Distinction,2553,227561,49.0,85.71035781544256,9991,4.0,8.0,3024.0,0.8442460317460317,89.13474343909127
7,Pass,10202,697639,39.0,66.09559450497395,34768,3.0,7.0,12361.0,0.8253377558449964,68.38257204469711
7,Fail,3745,178116,26.0,46.7496062992126,9957,2.0,6.0,7052.0,0.5310550198525241,47.56101468624833
7,Withdrawn,2740,141911,25.0,49.48082287308229,7708,2.0,6.0,10156.0,0.26979125640015755,51.792335766423356
8,Distinction,2577,187138,39.0,69.56802973977695,9484,3.0,7.0,3024.0,0.8521825396825397,72.6185487000388
8,Pass,9569,513678,26.0,51.65188536953243,30229,3.0,6.0,12361.0,0.7741283067712968,53.68147141812101
8,Fail,3263,110456,15.0,33.229843561973524,7747,2.0,4.0,7052.0,0.4627056154282473,33.85105730922464
8,Withdrawn,2330,89507,16.0,36.81900452488688,5911,2.0,4.0,10156.0,0.22942103190232374,38.41502145922747
9,Distinction,2490,206911,46.0,79.7037750385208,9203,3.0,7.0,3024.0,0.8234126984126984,83.09678714859437
9,Pass,9233,574175,31.0,59.54319195271181,29314,3.0,6.0,12361.0,0.7469460399644042,62.18726307808946
9,Fail,3041,137861,18.0,44.38538312942691,7320,2.0,4.0,7052.0,0.43122518434486673,45.33410062479447
9,Withdrawn,2126,106995,23.0,48.326558265582655,5530,2.0,4.0,10156.0,0.2093343836155967,50.326904985888994
10,Distinction,2222,140377,32.0,60.63801295896328,7254,3.0,6.0,3024.0,0.7347883597883598,63.175967596759676
10,Pass,7917,360551,20.0,44.06636519188462,21416,2.0,5.0,12361.0,0.640482161637408,45.54136667929772
10,Fail,2363,72759,13.0,30.291007493755203,5001,2.0,4.0,7052.0,0.33508224617129895,30.790943715615743
10,Withdrawn,1583,47358,13.0,28.789057750759877,3504,2.0,4.0,10156.0,0.15586845214651437,29.916614024005053
11,Distinction,2087,112966,24.0,52.226537216828476,6052,2.0,5.0,3024.0,0.6901455026455027,54.12841399137518
11,Pass,7532,333063,21.0,43.02583645523834,19783,2.0,5.0,12361.0,0.6093358142545101,44.219729155602764
11,Fail,2260,67909,13.0,29.680506993006993,4757,1.0,4.0,7052.0,0.3204764605785593,30.048230088495576
11,Withdrawn,1424,42188,14.0,28.73841961852861,3145,2.0,4.0,10156.0,0.14021268215833005,29.626404494382022
12,Distinction,2397,160463,31.0,64.49477491961414,7641,3.0,6.0,3024.0,0.7926587301587301,66.94326241134752
12,Pass,9086,489048,26.0,52.310193603593966,26157,2.0,6.0,12361.0,0.7350537982363886,53.824345146379045
12,Fail,2718,102130,15.0,37.12468193384224,6218,2.0,4.0,7052.0,0.3854225751559841,37.57542310522443
12,Withdrawn,1593,53704,14.0,32.666666666666664,3695,2.0,4.0,10156.0,0.15685309176841275,33.71249215317012
13,Distinction,2506,198940,38.0,76.10558530986994,9135,3.0,7.0,3024.0,0.8287037037037037,79.3854748603352
13,Pass,9597,598854,29.0,60.33793450881612,29852,3.0,6.0,12361.0,0.7763934956718712,62.40012503907471
13,Fail,2746,106770,15.0,38.31001076426265,6317,2.0,4.0,7052.0,0.3893930799773114,38.882010196649674
13,Withdrawn,1575,57870,13.0,35.67817509247842,3713,2.0,4.0,10156.0,0.15508074044899567,36.74285714285714
14,Distinction,2497,184690,39.0,71.14406779661017,9003,3.0,7.0,3024.0,0.8257275132275133,73.9647577092511
14,Pass,9381,523416,26.0,53.799568300955904,28606,3.0,6.0,12361.0,0.7589191812960117,55.79533098816757
14,Fail,2533,89265,14.0,34.78760717069369,5672,2.0,4.0,7052.0,0.3591888825865003,35.24082116067904
14,Withdrawn,1426,48707,13.0,33.044097693351425,3296,2.0,4.0,10156.0,0.14040961008270972,34.15638148667602
15,Distinction,2546,188018,41.0,70.86995853750471,9356,3.0,7.0,3024.0,0.841931216931217,73.8483896307934
15,Pass,9563,518292,28.0,52.20507655116841,29559,3.0,6.0,12361.0,0.7736429091497452,54.19763672487713
15,Fail,2546,83296,15.0,32.17303978370027,5853,2.0,4.0,7052.0,0.3610323312535451,32.71641791044776
15,Withdrawn,1297,41621,15.0,30.944981412639404,3090,2.0,4.0,10156.0,0.12770775896022055,32.09020817270625
16,Distinction,2504,190642,43.0,73.07090839402069,9082,3.0,7.0,3024.0,0.828042328042328,76.1349840255591
16,Pass,9456,538542,29.0,55.0093973442288,29193,3.0,6.0,12361.0,0.7649866515654073,56.95241116751269
16,Fail,2381,85395,16.0,35.477773161611964,5604,2.0,4.0,7052.0,0.33763471355643787,35.865182696346075
16,Withdrawn,1142,39960,15.0,33.807106598984774,2795,2.0,4.0,10156.0,0.11244584482079559,34.99124343257443
17,Distinction,2579,201577,48.0,75.07523277467412,9465,3.0,7.0,3024.0,0.8528439153439153,78.16091508336565
17,Pass,9678,587291,33.0,58.59433303402175,30475,3.0,6.0,12361.0,0.7829463635628185,60.68309568092581
17,Fail,2360,88928,17.0,37.19280635717273,5497,2.0,4.0,7052.0,0.3346568349404424,37.68135593220339
17,Withdrawn,1023,35179,15.0,33.408357075023744,2446,2.0,4.0,10156.0,0.1007286333202048,34.3880742913001
18,Distinction,2560,236713,56.0,88.95640736565201,9692,3.0,8.0,3024.0,0.8465608465608465,92.466015625
18,Pass,9808,720694,43.0,70.99734016353068,32105,3.0,7.0,12361.0,0.793463312029771,73.480220228385
18,Fail,2358,110852,21.0,46.43988269794721,5793,2.0,5.0,7052.0,0.33437322745320475,47.011026293469044
18,Withdrawn,967,39042,17.0,39.39656912209889,2275,2.0,4.0,10156.0,0.09521465143757385,40.37435367114788
19,Distinction,2516,263579,64.0,100.6026717557252,9659,4.0,8.0,3024.0,0.832010582010582,104.76112877583466
19,Pass,9418,722920,43.0,73.73725010199918,30881,3.0,6.0,12361.0,0.7619124666289135,76.75939689955405
19,Fail,2112,112009,22.0,52.48781630740394,5168,2.0,5.0,7052.0,0.2994895065229722,53.03456439393939
19,Withdrawn,843,39006,18.0,45.04157043879908,2021,2.0,4.0,10156.0,0.08300512012603387,46.270462633451956
20,Distinction,2568,265691,62.0,99.323738317757,9970,4.0,8.0,3024.0,0.8492063492063492,103.46222741433021
20,Pass,9514,745113,44.0,75.32480792559645,31750,3.0,7.0,12361.0,0.76967882857374,78.31753205801976
20,Fail,2076,105138,23.0,50.065714285714286,5175,2.0,5.0,7052.0,0.2943845717526943,50.64450867052023
20,Withdrawn,756,37233,20.0,47.980670103092784,1839,2.0,4.0,10156.0,0.07443875541551792,49.25
21,Distinction,2617,264578,57.0,96.87953130721347,10026,3.0,8.0,3024.0,0.8654100529100529,101.09973251815056
21,Pass,9711,705847,39.0,70.02450396825397,31715,3.0,6.0,12361.0,0.7856160504813526,72.68530532385954
21,Fail,2077,87612,17.0,41.700142789148025,4897,2.0,5.0,7052.0,0.2945263754963131,42.18199325950891
21,Withdrawn,651,26767,15.0,40.25112781954887,1504,2.0,4.0,10156.0,0.06410003938558488,41.11674347158218
22,Distinction,2542,236319,47.0,89.27805062334718,9599,3.0,7.0,3024.0,0.8406084656084656,92.96577498033045
22,Pass,9526,657915,34.0,66.50980590376061,30019,3.0,6.0,12361.0,0.7706496238168433,69.06519000629855
22,Fail,1859,74349,18.0,39.42152704135737,4334,2.0,5.0,7052.0,0.2636131593874078,39.994082840236686
22,Withdrawn,564,18288,13.0,31.916230366492147,1249,2.0,4.0,10156.0,0.05553367467506892,32.42553191489362
23,Distinction,2550,201209,40.0,76.0427059712774,9201,3.0,7.0,3024.0,0.8432539682539683,78.90549019607843
23,Pass,9585,605485,31.0,61.13539983844911,29812,3.0,6.0,12361.0,0.7754227004287679,63.17005738132499
23,Fail,1858,78795,18.0,42.00159914712154,4328,2.0,5.0,7052.0,0.263471355643789,42.40850376749193
23,Withdrawn,480,13187,10.0,27.133744855967077,1025,2.0,3.0,10156.0,0.04726270185112249,27.472916666666666
24,Distinction,2432,164012,34.0,64.77567140600316,8374,3.0,6.0,3024.0,0.8042328042328042,67.43914473684211
24,Pass,8844,486079,25.0,53.18150984682713,25599,2.0,5.0,12361.0,0.7154760941671385,54.961442786069654
24,Fail,1564,58219,13.0,36.940989847715734,3476,2.0,4.0,7052.0,0.2217810550198525,37.22442455242967
24,Withdrawn,377,11428,10.0,30.073684210526316,771,1.0,4.0,10156.0,0.03712091374556912,30.312997347480106
25,Distinction,2322,149813,29.0,62.16307053941909,7413,3.0,6.0,3024.0,0.7678571428571429,64.51894918173988
25,Pass,8209,408485,18.0,48.147689768976896,21626,2.0,4.0,12361.0,0.6641048458862552,49.76062857838957
25,Fail,1288,40798,10.0,31.334869431643625,2571,1.0,3.0,7052.0,0.18264322178105502,31.675465838509318
25,Withdrawn,276,5527,9.0,19.669039145907472,527,1.0,3.0,10156.0,0.027176053564395432,20.02536231884058
26,Distinction,2305,144232,28.0,60.297658862876254,7093,3.0,6.0,3024.0,0.7622354497354498,62.57353579175705
26,Pass,8182,416188,20.0,49.31721767981988,21185,2.0,5.0,12361.0,0.6619205565892727,50.86629186018089
26,Fail,1293,41247,12.0,31.704073789392776,2547,1.0,3.0,7052.0,0.18335224049914917,31.900232018561486
26,Withdrawn,235,7034,8.0,29.554621848739497,432,1.0,3.0,10156.0,0.023139031114612053,29.931914893617023
27,Distinction,2401,165026,36.0,66.06325060048039,7612,3.0,7.0,3024.0,0.7939814814814815,68.73219491878385
27,Pass,8549,493883,26.0,55.99580498866213,22967,2.0,5.0,12361.0,0.6916107111075156,57.770850391858694
27,Fail,1376,50194,15.0,36.13678905687545,2927,2.0,4.0,7052.0,0.1951219512195122,36.4781976744186
27,Withdrawn,231,4908,9.0,20.974358974358974,413,1.0,3.0,10156.0,0.022745175265852697,21.246753246753247
28,Distinction,2456,183720,40.0,71.84982401251466,8221,3.0,7.0,3024.0,0.8121693121693122,74.80456026058631
28,Pass,8752,552767,29.0,60.85061646851607,24953,2.0,6.0,12361.0,0.7080333306366798,63.15893510054845
28,Fail,1335,56571,16.0,41.811529933481154,2931,2.0,4.0,7052.0,0.1893079977311401,42.375280898876404
28,Withdrawn,235,6786,11.0,28.632911392405063,456,1.0,4.0,10156.0,0.023139031114612053,28.876595744680852
29,Distinction,2438,208873,46.0,82.13645300825796,8429,3.0,7.0,3024.0,0.8062169312169312,85.67391304347827
29,Pass,8890,624079,32.0,67.51909553175376,25880,2.0,6.0,12361.0,0.7191974759323679,70.20011248593926
29,Fail,1365,69455,19.0,50.58630735615441,3113,2.0,5.0,7052.0,0.19356211003970505,50.88278388278388
29,Withdrawn,180,6969,13.0,38.50276243093923,366,1.0,4.0,10156.0,0.017723513194170933,38.71666666666667
30,Distinction,2431,220537,46.0,87.13433425523509,8399,3.0,7.0,3024.0,0.8039021164021164,90.7186343068696
30,Pass,8685,689096,33.0,76.54070865267133,25408,2.0,7.0,12361.0,0.7026130571960197,79.34323546344272
30,Fail,1193,74260,18.0,61.72901080631754,2645,2.0,5.0,7052.0,0.16917186613726604,62.24643755238893
30,Withdrawn,138,5724,9.0,41.47826086956522,270,1.0,3.0,10156.0,0.013588026782197716,41.47826086956522
31,Distinction,2408,212238,38.0,84.8952,7999,3.0,7.0,3024.0,0.7962962962962963,88.13870431893687
31,Pass,8773,734714,31.0,81.09426048565122,25354,2.0,7.0,12361.0,0.7097322223121106,83.74717884418101
31,Fail,1158,93162,15.0,79.83033419023137,2478,2.0,5.0,7052.0,0.1642087351106069,80.45077720207254
31,Withdrawn,90,3488,6.0,38.75555555555555,157,1.0,2.0,10156.0,0.008861756597085466,38.75555555555555
32,Distinction,2361,212362,40.0,86.46661237785017,8369,3.0,7.0,3024.0,0.7807539682539683,89.94578568403219
32,Pass,8840,671365,30.0,73.31713443267445,26266,3.0,7.0,12361.0,0.7151524957527708,75.94626696832579
32,Fail,1176,73075,17.0,61.87552921253175,2545,2.0,5.0,7052.0,0.16676120249574589,62.13860544217687
32,Withdrawn,85,3376,6.0,39.71764705882353,149,1.0,2.0,10156.0,0.008369436786136273,39.71764705882353
33,Distinction,2064,178148,29.0,82.62894248608535,6974,3.0,6.0,3024.0,0.6825396825396826,86.31201550387597
33,Pass,7919,632941,26.0,77.34828302578516,23359,2.0,6.0,12361.0,0.6406439608445919,79.92688470766511
33,Fail,992,68347,13.0,68.41541541541541,2145,2.0,4.0,7052.0,0.1406693136698809,68.89818548387096
33,Withdrawn,59,2513,6.0,42.59322033898305,105,1.0,3.0,10156.0,0.005809373769200473,42.59322033898305
34,Distinction,1607,105943,14.0,63.02379535990482,4730,2.0,3.0,3024.0,0.531415343915344,65.92594897324207
34,Pass,5947,352896,11.0,57.3628088426528,14915,2.0,3.0,12361.0,0.4811099425612814,59.340171515049605
34,Fail,776,48673,8.0,62.40128205128205,1588,2.0,3.0,7052.0,0.11003970504821327,62.722938144329895
34,Withdrawn,22,1856,5.0,84.36363636363636,33,1.0,2.0,10156.0,0.0021662071681764474,84.36363636363636
35,Distinction,924,13182,6.0,13.89041095890411,2127,1.0,2.0,3024.0,0.3055555555555556,14.266233766233766
35,Pass,3051,35636,4.0,11.454837672774028,5988,1.0,2.0,12361.0,0.24682469055901626,11.680104883644706
35,Fail,296,2304,3.0,7.731543624161074,457,1.0,2.0,7052.0,0.04197390811117414,7.783783783783784
35,Withdrawn,5,41,1.0,8.2,8,1.0,1.0,10156.0,0.0004923198109491926,8.2
36,Distinction,846,7901,5.0,9.176538908246226,1746,1.0,2.0,3024.0,0.27976190476190477,9.339243498817966
36,Pass,2656,19734,3.0,7.2765486725663715,4828,1.0,2.0,12361.0,0.214869347140199,7.429969879518072
36,Fail,276,1463,2.0,5.281588447653429,392,1.0,1.0,7052.0,0.039137833238797506,5.300724637681159
36,Withdrawn,5,24,3.0,4.8,7,1.0,2.0,10156.0,0.0004923198109491926,4.8
37,Distinction,696,5473,4.0,7.708450704225352,1341,1.0,2.0,3024.0,0.23015873015873015,7.863505747126437
37,Pass,2251,14511,3.0,6.333915320820602,3747,1.0,2.0,12361.0,0.18210500768546234,6.446468236339404
37,Fail,226,1251,2.0,5.511013215859031,293,1.0,1.0,7052.0,0.03204764605785593,5.535398230088496
37,Withdrawn,1,57,57.0,57.0,3,3.0,5.0,10156.0,9.846396218983852e-05,57.0
38,Distinction,403,2050,3.0,5.0492610837438425,584,1.0,2.0,3024.0,0.13326719576719576,5.086848635235732
38,Pass,1076,5311,3.0,4.885924563017479,1443,1.0,1.0,12361.0,0.08704797346493003,4.935873605947956
38,Fail,81,355,2.0,4.382716049382716,102,1.0,1.0,7052.0,0.011486103233125355,4.382716049382716
38,Withdrawn,0,0,,,0,,,10156.0,0.0,
