code_module,code_presentation,assessment_count,total_weight,exam_weight,non_exam_weight,zero_weight_count,missing_weight_count,min_weight,max_weight,mean_weight,assessment_types,non_exam_weight_not_100,exam_weight_not_100
AAA,2013J,6,200.0,100.0,100.0,0,0,10.0,100.0,33.333333333333336,"Exam,TMA",False,False
AAA,2014J,6,200.0,100.0,100.0,0,0,10.0,100.0,33.333333333333336,"Exam,TMA",False,False
BBB,2013B,12,200.0,100.0,100.0,0,0,1.0,100.0,16.666666666666668,"CMA,Exam,TMA",False,False
BBB,2013J,12,200.0,100.0,100.0,0,0,1.0,100.0,16.666666666666668,"CMA,Exam,TMA",False,False
BBB,2014B,12,200.0,100.0,100.0,0,0,1.0,100.0,16.666666666666668,"CMA,Exam,TMA",False,False
BBB,2014J,6,200.0,100.0,100.0,1,0,0.0,100.0,33.333333333333336,"Exam,TMA",False,False
CCC,2014B,10,300.0,200.0,100.0,0,0,2.0,100.0,30.0,"CMA,Exam,TMA",False,True
CCC,2014J,10,300.0,200.0,100.0,0,0,2.0,100.0,30.0,"CMA,Exam,TMA",False,True
DDD,2013B,14,200.0,100.0,100.0,0,0,2.0,100.0,14.285714285714286,"CMA,Exam,TMA",False,False
DDD,2013J,7,200.0,100.0,100.0,0,0,10.0,100.0,28.571428571428573,"Exam,TMA",False,False
DDD,2014B,7,200.0,100.0,100.0,0,0,10.0,100.0,28.571428571428573,"Exam,TMA",False,False
DDD,2014J,7,200.0,100.0,100.0,0,0,5.0,100.0,28.571428571428573,"Exam,TMA",False,False
EEE,2013J,5,200.0,100.0,100.0,0,0,16.0,100.0,40.0,"Exam,TMA",False,False
EEE,2014B,5,200.0,100.0,100.0,0,0,16.0,100.0,40.0,"Exam,TMA",False,False
EEE,2014J,5,200.0,100.0,100.0,0,0,16.0,100.0,40.0,"Exam,TMA",False,False
FFF,2013B,13,200.0,100.0,100.0,7,0,0.0,100.0,15.384615384615385,"CMA,Exam,TMA",False,False
FFF,2013J,13,200.0,100.0,100.0,7,0,0.0,100.0,15.384615384615385,"CMA,Exam,TMA",False,False
FFF,2014B,13,200.0,100.0,100.0,7,0,0.0,100.0,15.384615384615385,"CMA,Exam,TMA",False,False
FFF,2014J,13,200.0,100.0,100.0,7,0,0.0,100.0,15.384615384615385,"CMA,Exam,TMA",False,False
GGG,2013J,10,100.0,100.0,0.0,9,0,0.0,100.0,10.0,"CMA,Exam,TMA",True,False
GGG,2014B,10,100.0,100.0,0.0,9,0,0.0,100.0,10.0,"CMA,Exam,TMA",True,False
GGG,2014J,10,100.0,100.0,0.0,9,0,0.0,100.0,10.0,"CMA,Exam,TMA",True,False
