code_module,code_presentation,id_assessment,assessment_type,date,weight,weight_missing,zero_weight,weight_below_0,weight_above_100
BBB,2014J,15020,TMA,19.0,0.0,False,True,False,False
FFF,2013B,34865,CMA,222.0,0.0,False,True,False,False
FFF,2013B,34866,CMA,222.0,0.0,False,True,False,False
FFF,2013B,34867,CMA,222.0,0.0,False,True,False,False
FFF,2013B,34868,CMA,222.0,0.0,False,True,False,False
FFF,2013B,34869,CMA,222.0,0.0,False,True,False,False
FFF,2013B,34870,CMA,222.0,0.0,False,True,False,False
FFF,2013B,34871,CMA,222.0,0.0,False,True,False,False
FFF,2013J,34878,CMA,236.0,0.0,False,True,False,False
FFF,2013J,34879,CMA,236.0,0.0,False,True,False,False
FFF,2013J,34880,CMA,236.0,0.0,False,True,False,False
FFF,2013J,34881,CMA,236.0,0.0,False,True,False,False
FFF,2013J,34882,CMA,236.0,0.0,False,True,False,False
FFF,2013J,34883,CMA,236.0,0.0,False,True,False,False
FFF,2013J,34884,CMA,236.0,0.0,False,True,False,False
FFF,2014B,34891,CMA,227.0,0.0,False,True,False,False
FFF,2014B,34892,CMA,227.0,0.0,False,True,False,False
FFF,2014B,34893,CMA,227.0,0.0,False,True,False,False
FFF,2014B,34894,CMA,227.0,0.0,False,True,False,False
FFF,2014B,34895,CMA,227.0,0.0,False,True,False,False
FFF,2014B,34896,CMA,227.0,0.0,False,True,False,False
FFF,2014B,34897,CMA,227.0,0.0,False,True,False,False
FFF,2014J,34904,CMA,241.0,0.0,False,True,False,False
FFF,2014J,34905,CMA,241.0,0.0,False,True,False,False
FFF,2014J,34906,CMA,241.0,0.0,False,True,False,False
FFF,2014J,34907,CMA,241.0,0.0,False,True,False,False
FFF,2014J,34908,CMA,241.0,0.0,False,True,False,False
FFF,2014J,34909,CMA,241.0,0.0,False,True,False,False
FFF,2014J,34910,CMA,241.0,0.0,False,True,False,False
GGG,2013J,37415,TMA,61.0,0.0,False,True,False,False
GGG,2013J,37416,TMA,124.0,0.0,False,True,False,False
GGG,2013J,37417,TMA,173.0,0.0,False,True,False,False
GGG,2013J,37418,CMA,229.0,0.0,False,True,False,False
GGG,2013J,37419,CMA,229.0,0.0,False,True,False,False
GGG,2013J,37420,CMA,229.0,0.0,False,True,False,False
GGG,2013J,37421,CMA,229.0,0.0,False,True,False,False
GGG,2013J,37422,CMA,229.0,0.0,False,True,False,False
GGG,2013J,37423,CMA,229.0,0.0,False,True,False,False
GGG,2014B,37425,TMA,61.0,0.0,False,True,False,False
GGG,2014B,37426,TMA,117.0,0.0,False,True,False,False
GGG,2014B,37427,TMA,166.0,0.0,False,True,False,False
GGG,2014B,37428,CMA,222.0,0.0,False,True,False,False
GGG,2014B,37429,CMA,222.0,0.0,False,True,False,False
GGG,2014B,37430,CMA,222.0,0.0,False,True,False,False
GGG,2014B,37431,CMA,222.0,0.0,False,True,False,False
GGG,2014B,37432,CMA,222.0,0.0,False,True,False,False
GGG,2014B,37433,CMA,222.0,0.0,False,True,False,False
GGG,2014J,37435,TMA,61.0,0.0,False,True,False,False
GGG,2014J,37436,TMA,124.0,0.0,False,True,False,False
GGG,2014J,37437,TMA,173.0,0.0,False,True,False,False
GGG,2014J,37438,CMA,229.0,0.0,False,True,False,False
GGG,2014J,37439,CMA,229.0,0.0,False,True,False,False
GGG,2014J,37440,CMA,229.0,0.0,False,True,False,False
GGG,2014J,37441,CMA,229.0,0.0,False,True,False,False
GGG,2014J,37442,CMA,229.0,0.0,False,True,False,False
GGG,2014J,37443,CMA,229.0,0.0,False,True,False,False
