code_module,code_presentation,row_count,zero_count,negative_count,total_sum_click,max_sum_click,zero_pct,negative_pct
AAA,2013J,173543,0,0,633235,1326,0.0,0.0
AAA,2014J,161206,0,0,580747,659,0.0,0.0
BBB,2013B,360156,0,0,1271410,381,0.0,0.0
BBB,2013J,404887,0,0,1300682,212,0.0,0.0
BBB,2014B,245087,0,0,789091,223,0.0,0.0
BBB,2014J,399127,0,0,1618837,2664,0.0,0.0
CCC,2014B,450099,0,0,1818259,1517,0.0,0.0
CCC,2014J,642895,0,0,2683561,2853,0.0,0.0
DDD,2013B,516340,0,0,1349853,514,0.0,0.0
DDD,2013J,647642,0,0,1700459,6977,0.0,0.0
DDD,2014B,361182,0,0,916056,3958,0.0,0.0
DDD,2014J,530788,0,0,1374971,4953,0.0,0.0
EEE,2013J,339188,0,0,1503071,4523,0.0,0.0
EEE,2014B,192345,0,0,813602,1497,0.0,0.0
EEE,2014J,375460,0,0,1564235,1442,0.0,0.0
FFF,2013B,886457,0,0,4126024,4098,0.0,0.0
FFF,2013J,1086213,0,0,4986423,1836,0.0,0.0
FFF,2014B,632872,0,0,2899304,864,0.0,0.0
FFF,2014J,1118390,0,0,5147343,755,0.0,0.0
GGG,2013J,128874,0,0,482552,488,0.0,0.0
GGG,2014B,108887,0,0,402229,470,0.0,0.0
GGG,2014J,106472,0,0,381119,534,0.0,0.0
