code_module,code_presentation,student_records,zero_total_click_count,high_total_click_iqr_count,low_total_click_iqr_count,median_total_click,max_total_click,iqr_upper_bound,zero_total_click_pct,high_total_click_iqr_pct,low_total_click_iqr_pct
AAA,2013J,383,5,27,0,1185.0,12837.0,4186.25,0.013054830287206266,0.07049608355091384,0.0
AAA,2014J,365,8,22,0,1044.0,14885.0,4595.0,0.021917808219178082,0.06027397260273973,0.0
BBB,2013B,1767,230,145,0,359.0,13634.0,1830.5,0.13016411997736277,0.08205998868138087,0.0
BBB,2013J,2237,367,170,0,265.0,16361.0,1574.5,0.16405900759946357,0.07599463567277603,0.0
BBB,2014B,1613,319,123,0,218.0,12929.0,1375.5,0.1977681339119653,0.07625542467451953,0.0
BBB,2014J,2292,371,80,0,396.0,7870.0,2639.75,0.1618673647469459,0.034904013961605584,0.0
CCC,2014B,1936,255,149,0,441.5,14206.0,2893.125,0.13171487603305784,0.07696280991735537,0.0
CCC,2014J,2498,196,195,0,560.5,23513.0,3208.5,0.07846277021617294,0.07806244995996797,0.0
DDD,2013B,1303,89,56,0,736.0,10926.0,3307.25,0.06830391404451266,0.042977743668457406,0.0
DDD,2013J,1938,170,93,0,606.0,15753.0,2834.75,0.08771929824561403,0.047987616099071206,0.0
DDD,2014B,1228,112,51,0,474.0,8045.0,2529.625,0.09120521172638436,0.041530944625407164,0.0
DDD,2014J,1803,156,118,0,439.0,14377.0,2173.5,0.08652246256239601,0.06544647809206877,0.0
EEE,2013J,1052,88,41,0,1095.0,13265.0,4511.25,0.08365019011406843,0.03897338403041825,0.0
EEE,2014B,694,70,21,0,889.0,8977.0,3944.5,0.10086455331412104,0.03025936599423631,0.0
EEE,2014J,1188,91,40,0,1078.0,9805.0,4267.875,0.0765993265993266,0.03367003367003367,0.0
FFF,2013B,1614,104,37,0,2112.5,20917.0,8634.0,0.0644361833952912,0.02292441140024783,0.0
FFF,2013J,2283,185,63,0,1586.0,19545.0,7755.5,0.08103372755146737,0.02759526938239159,0.0
FFF,2014B,1500,137,35,0,1385.5,16167.0,7049.5,0.09133333333333334,0.023333333333333334,0.0
FFF,2014J,2365,244,51,0,1543.0,19157.0,8272.0,0.10317124735729387,0.02156448202959831,0.0
GGG,2013J,952,57,36,0,419.5,10609.0,1499.25,0.059873949579831935,0.037815126050420166,0.0
GGG,2014B,833,60,34,0,341.0,4264.0,1492.0,0.07202881152460984,0.04081632653061224,0.0
GGG,2014J,749,51,28,0,405.0,8240.0,1616.5,0.06809078771695594,0.037383177570093455,0.0
