code_module,code_presentation,submission_records,missing_due_date_count,very_early_count,very_late_count,median_days_from_due,min_days_from_due,max_days_from_due,very_early_pct,very_late_pct
AAA,2013J,1633,0,0,8,0.0,-39.0,62.0,0.0,0.004898958971218616
AAA,2014J,1516,0,13,3,0.0,-216.0,66.0,0.008575197889182058,0.001978891820580475
BBB,2013B,11256,0,11,44,2.0,-160.0,139.0,0.0009772565742714996,0.0039090262970859985
BBB,2013J,14375,0,133,47,2.0,-209.0,174.0,0.009252173913043478,0.0032695652173913045
BBB,2014B,9993,0,83,32,2.0,-195.0,126.0,0.008305814069848894,0.003202241569098369
BBB,2014J,7408,0,0,37,-1.0,-46.0,160.0,0.0,0.004994600431965443
CCC,2014B,7489,747,0,3,2.0,-54.0,78.0,0.0,0.0004005875283749499
CCC,2014J,11451,1168,69,11,2.0,-215.0,131.0,0.006025674613570867,0.0009606147934678194
DDD,2013B,10373,0,11,10,2.0,-171.0,151.0,0.0010604453870625664,0.0009640412609659693
DDD,2013J,7936,0,69,14,-1.0,-208.0,124.0,0.008694556451612902,0.0017641129032258064
DDD,2014B,4542,0,16,12,-1.0,-159.0,96.0,0.0035226772346983706,0.002642007926023778
DDD,2014J,8013,950,144,17,-1.0,-196.0,95.0,0.017970797454137027,0.00212155247722451
EEE,2013J,2884,0,0,6,-1.0,-17.0,167.0,0.0,0.0020804438280166435
EEE,2014B,1780,0,0,4,-1.0,-34.0,47.0,0.0,0.0022471910112359553
EEE,2014J,3229,0,21,8,-1.0,-167.0,108.0,0.006503561474140601,0.0024775472282440383
FFF,2013B,12195,0,2714,48,-4.0,-230.0,372.0,0.22255022550225503,0.0039360393603936035
FFF,2013J,16240,0,4192,40,-5.0,-237.0,372.0,0.258128078817734,0.0024630541871921183
FFF,2014B,10196,0,2392,35,-4.0,-228.0,364.0,0.23460180462926639,0.003432718713220871
FFF,2014J,16184,0,4473,16,-6.0,-246.0,105.0,0.2763840830449827,0.0009886307464162135
GGG,2013J,5950,0,1516,28,-14.0,-142.0,91.0,0.25478991596638656,0.004705882352941176
GGG,2014B,4896,0,1112,22,-12.0,-149.0,69.0,0.22712418300653595,0.004493464052287581
GGG,2014J,4373,0,1068,26,-13.0,-230.0,83.0,0.2442259318545621,0.0059455751200548825
