code_module,code_presentation,weekly_records,zero_weekly_click_count,negative_weekly_click_count,high_weekly_click_iqr_count,median_weekly_click,max_weekly_click,iqr_upper_bound,zero_weekly_click_pct,negative_weekly_click_pct,high_weekly_click_iqr_pct
AAA,2013J,10651,0,0,699,36.0,1410,177.0,0.0,0.0,0.06562764059712703
AAA,2014J,9914,0,0,654,34.0,1298,177.5,0.0,0.0,0.06596731894290901
BBB,2013B,30009,0,0,2741,21.0,1534,105.5,0.0,0.0,0.09133926488720051
BBB,2013J,37345,0,0,3083,18.0,1254,87.0,0.0,0.0,0.08255455884321863
BBB,2014B,23359,0,0,2072,17.0,1432,86.0,0.0,0.0,0.08870242732993706
BBB,2014J,36982,0,0,2332,25.0,2869,133.0,0.0,0.0,0.06305770374776919
CCC,2014B,31427,0,0,2678,23.0,1982,166.0,0.0,0.0,0.08521335157666975
CCC,2014J,47579,0,0,3965,22.0,3842,161.0,0.0,0.0,0.08333508480632211
DDD,2013B,27279,0,0,1488,31.0,1148,149.5,0.0,0.0,0.05454745408556032
DDD,2013J,40805,0,0,2366,25.0,6998,124.0,0.0,0.0,0.057983090307560346
DDD,2014B,22848,0,0,1277,25.0,3990,121.5,0.0,0.0,0.055891106442577033
DDD,2014J,38264,0,0,2843,19.0,5005,99.5,0.0,0.0,0.0742996027597742
EEE,2013J,22723,0,0,1323,39.0,4536,207.0,0.0,0.0,0.0582229459138318
EEE,2014B,13566,0,0,771,36.0,1968,187.0,0.0,0.0,0.05683325961963733
EEE,2014J,26198,0,0,1470,34.0,1501,192.5,0.0,0.0,0.056111153523169706
FFF,2013B,36282,0,0,1828,72.0,4383,362.5,0.0,0.0,0.05038311008213439
FFF,2013J,49738,0,0,2619,59.0,2697,326.5,0.0,0.0,0.05265591700510676
FFF,2014B,29847,0,0,1656,57.0,2022,308.5,0.0,0.0,0.05548296311187054
FFF,2014J,50431,0,0,2816,60.0,2265,326.0,0.0,0.0,0.055838670658920106
GGG,2013J,16284,0,0,1046,16.0,780,88.5,0.0,0.0,0.06423483173667403
GGG,2014B,13033,0,0,841,17.0,496,93.5,0.0,0.0,0.06452850456533415
GGG,2014J,12467,0,0,761,17.0,671,93.5,0.0,0.0,0.061041148632389505
