activity_type,resource_count,interaction_records,total_click,mean_click_per_record,pct_interaction_records,pct_total_click,unmatched_student_vle_rows
oucontent,996,1871532,11078195,5.9193190391615,0.1896545539115393,0.2889230576075782,0
forumng,194,2051003,7272356,3.545755905769031,0.20784152183143478,0.1896654943816043,0
homepage,22,1735226,6949064,4.004702557476663,0.175841777199484,0.18123393011142588,0
quiz,127,636204,6635922,10.430493992492973,0.06447070411659375,0.17306708126056597,0
subpage,1055,1949898,3411582,1.7496207493930451,0.19759589222252286,0.08897520784920078,0
resource,2660,790038,1074948,1.360628222946238,0.08005970748197984,0.028035005967050677,0
ouwiki,49,164145,869443,5.296798562246794,0.016633884300033135,0.02267536633679996,0
url,886,407716,566702,1.3899429995388948,0.041316523630158156,0.014779779069815053,0
oucollaborate,82,58334,100304,1.7194774916858093,0.005911364992891243,0.00261596211027794,0
glossary,21,17406,87928,5.0515914052625535,0.0017638635969805768,0.002293191861067542,0
externalquiz,26,50910,64292,1.2628560204282067,0.005159042613023163,0.001676757018603339,0
page,102,47549,63631,1.3382195209152663,0.004818450544227821,0.0016595179159265394,0
questionnaire,61,36432,56190,1.5423254281949934,0.0036918923684474535,0.0014654541292123688,0
dataplus,28,12027,43731,3.6360688450985283,0.0012187744157695852,0.0011405192120410412,0
ouelluminate,21,17870,33220,1.858981533296027,0.0018108837457223319,0.0008663887911093592,0
dualpane,20,10153,20716,2.0403821530582094,0.0010288697633082729,0.0005402802587784914,0
htmlactivity,4,6835,9239,1.3517190929041698,0.0006926351651937402,0.00024095623242201595,0
folder,2,4678,5420,1.15861479264643,0.00047405227546105586,0.0001413554258823819,0
sharedsubpage,3,148,171,1.1554054054054055,1.4997806064180476e-05,4.45973760625227e-06,0
repeatactivity,5,6,9,1.5,6.080191647640734e-07,2.3472303190801425e-07,0
