code_module,code_presentation,final_result,count,pct_within_module_presentation
AAA,2013J,Distinction,20,0.05221932114882506
AAA,2013J,Fail,45,0.1174934725848564
AAA,2013J,Pass,258,0.6736292428198434
AAA,2013J,Withdrawn,60,0.1566579634464752
AAA,2014J,Distinction,24,0.06575342465753424
AAA,2014J,Fail,46,0.12602739726027398
AAA,2014J,Pass,229,0.6273972602739726
AAA,2014J,Withdrawn,66,0.18082191780821918
BBB,2013B,Distinction,155,0.08771929824561403
BBB,2013B,Fail,459,0.2597623089983022
BBB,2013B,Pass,648,0.366723259762309
BBB,2013B,Withdrawn,505,0.28579513299377474
BBB,2013J,Distinction,176,0.07867679928475638
BBB,2013J,Fail,521,0.2329012069736254
BBB,2013J,Pass,896,0.4005364327223961
BBB,2013J,Withdrawn,644,0.2878855610192222
BBB,2014B,Distinction,166,0.10291382517048978
BBB,2014B,Fail,396,0.24550526968381897
BBB,2014B,Pass,561,0.34779913205207685
BBB,2014B,Withdrawn,490,0.30378177309361437
BBB,2014J,Distinction,180,0.07853403141361257
BBB,2014J,Fail,391,0.1705933682373473
BBB,2014J,Pass,972,0.42408376963350786
BBB,2014J,Withdrawn,749,0.3267888307155323
CCC,2014B,Distinction,192,0.09917355371900827
CCC,2014B,Fail,375,0.19369834710743802
CCC,2014B,Pass,471,0.24328512396694216
CCC,2014B,Withdrawn,898,0.46384297520661155
CCC,2014J,Distinction,306,0.12249799839871897
CCC,2014J,Fail,406,0.16253002401921537
CCC,2014J,Pass,709,0.2838270616493195
CCC,2014J,Withdrawn,1077,0.4311449159327462
DDD,2013B,Distinction,54,0.04144282425172678
DDD,2013B,Fail,361,0.27705295471987723
DDD,2013B,Pass,456,0.3499616270145817
DDD,2013B,Withdrawn,432,0.33154259401381425
DDD,2013J,Distinction,98,0.05056759545923633
DDD,2013J,Fail,428,0.22084623323013416
DDD,2013J,Pass,731,0.37719298245614036
DDD,2013J,Withdrawn,681,0.35139318885448917
DDD,2014B,Distinction,119,0.09690553745928339
DDD,2014B,Fail,259,0.21091205211726385
DDD,2014B,Pass,360,0.2931596091205212
DDD,2014B,Withdrawn,490,0.3990228013029316
DDD,2014J,Distinction,112,0.06211869107043816
DDD,2014J,Fail,364,0.201885745978924
DDD,2014J,Pass,680,0.3771491957848031
DDD,2014J,Withdrawn,647,0.35884636716583473
EEE,2013J,Distinction,127,0.12072243346007605
EEE,2013J,Fail,200,0.19011406844106463
EEE,2013J,Pass,482,0.45817490494296575
EEE,2013J,Withdrawn,243,0.23098859315589354
EEE,2014B,Distinction,72,0.1037463976945245
EEE,2014B,Fail,164,0.23631123919308358
EEE,2014B,Pass,285,0.4106628242074928
EEE,2014B,Withdrawn,173,0.24927953890489912
EEE,2014J,Distinction,157,0.13215488215488216
EEE,2014J,Fail,198,0.16666666666666666
EEE,2014J,Pass,527,0.4436026936026936
EEE,2014J,Withdrawn,306,0.25757575757575757
FFF,2013B,Distinction,118,0.07311028500619579
FFF,2013B,Fail,421,0.26084262701363076
FFF,2013B,Pass,664,0.4114002478314746
FFF,2013B,Withdrawn,411,0.25464684014869887
FFF,2013J,Distinction,187,0.08190976784932107
FFF,2013J,Fail,513,0.22470433639947437
FFF,2013J,Pass,908,0.3977222952255804
FFF,2013J,Withdrawn,675,0.2956636005256242
FFF,2014B,Distinction,107,0.07133333333333333
FFF,2014B,Fail,384,0.256
FFF,2014B,Pass,547,0.36466666666666664
FFF,2014B,Withdrawn,462,0.308
FFF,2014J,Distinction,258,0.10909090909090909
FFF,2014J,Fail,393,0.16617336152219872
FFF,2014J,Pass,859,0.36321353065539114
FFF,2014J,Withdrawn,855,0.36152219873150104
GGG,2013J,Distinction,141,0.148109243697479
GGG,2013J,Fail,294,0.3088235294117647
GGG,2013J,Pass,451,0.4737394957983193
GGG,2013J,Withdrawn,66,0.06932773109243698
GGG,2014B,Distinction,128,0.15366146458583432
GGG,2014B,Fail,255,0.30612244897959184
GGG,2014B,Pass,350,0.42016806722689076
GGG,2014B,Withdrawn,100,0.12004801920768307
GGG,2014J,Distinction,127,0.16955941255006676
GGG,2014J,Fail,179,0.2389853137516689
GGG,2014J,Pass,317,0.4232309746328438
GGG,2014J,Withdrawn,126,0.16822429906542055
