imd_band,final_result,count,pct_within_group
(missing),Distinction,199,0.1791179117911791
(missing),Fail,145,0.13051305130513052
(missing),Pass,531,0.47794779477947796
(missing),Withdrawn,236,0.21242124212421243
0-10%,Distinction,168,0.0507399577167019
0-10%,Fail,916,0.2766535789791604
0-10%,Pass,996,0.3008154636061613
0-10%,Withdrawn,1231,0.37179099969797647
10-20,Distinction,191,0.054323094425483505
10-20,Fail,912,0.2593856655290102
10-20,Pass,1167,0.3319112627986348
10-20,Withdrawn,1246,0.3543799772468714
20-30%,Distinction,263,0.07197591680350302
20-30%,Fail,844,0.23097974822112752
20-30%,Pass,1226,0.3355227148330597
20-30%,Withdrawn,1321,0.3615216201423098
30-40%,Distinction,315,0.0890081944051992
30-40%,Fail,784,0.22153150607516248
30-40%,Pass,1345,0.3800508618253744
30-40%,Withdrawn,1095,0.30940943769426393
40-50%,Distinction,293,0.08998771498771499
40-50%,Fail,697,0.21406633906633907
40-50%,Pass,1224,0.3759213759213759
40-50%,Withdrawn,1042,0.32002457002457
50-60%,Distinction,297,0.09507042253521127
50-60%,Fail,701,0.22439180537772088
50-60%,Pass,1227,0.39276568501920617
50-60%,Withdrawn,899,0.2877720870678617
60-70%,Distinction,299,0.10292598967297763
60-70%,Fail,538,0.18519793459552494
60-70%,Pass,1209,0.4161790017211704
60-70%,Withdrawn,859,0.295697074010327
70-80%,Distinction,313,0.10871830496700244
70-80%,Fail,599,0.20805835359499827
70-80%,Pass,1170,0.40639110802361933
70-80%,Withdrawn,797,0.27683223341438
80-90%,Distinction,328,0.11875452570601014
80-90%,Fail,495,0.1792179580014482
80-90%,Pass,1165,0.4217958001448226
80-90%,Withdrawn,774,0.280231716147719
90-100%,Distinction,358,0.1411671924290221
90-100%,Fail,421,0.16600946372239747
90-100%,Pass,1101,0.43414826498422715
90-100%,Withdrawn,656,0.2586750788643533
