code_module,code_presentation,enrolment_count,unique_students,median_total_click,mean_total_click,median_weighted_score,mean_weighted_score
AAA,2013J,383,383,1185.0,1653.3550913838121,70.0,68.15389432485323
AAA,2014J,365,365,1044.0,1591.0876712328768,69.69999999999999,67.58446428571428
BBB,2013B,1767,1767,359.0,719.5302773061686,72.87,70.4742075309389
BBB,2013J,2237,2237,265.0,581.4403218596334,72.39267441860466,70.63210073015497
BBB,2014B,1613,1613,218.0,489.2070675759454,72.92,71.23889376448525
BBB,2014J,2292,2292,396.0,706.2988656195463,68.1,66.80710815655956
CCC,2014B,1936,1936,441.5,939.1833677685951,62.8955223880597,61.45228100175293
CCC,2014J,2498,2498,560.5,1074.2838270616494,68.53672727272728,66.59308195052532
DDD,2013B,1303,1303,736.0,1035.95778971604,61.368020304568525,60.314327150502905
DDD,2013J,1938,1938,606.0,877.4298245614035,66.0,64.55541580095442
DDD,2014B,1228,1228,474.0,745.9739413680782,67.0,64.92791556290125
DDD,2014J,1803,1803,439.0,762.6017748197448,67.0,65.9170267177893
EEE,2013J,1052,1052,1095.0,1428.7747148288972,81.92,79.05784715351825
EEE,2014B,694,694,889.0,1172.3371757925072,81.28,77.7765811096035
EEE,2014J,1188,1188,1078.0,1316.696127946128,84.04,80.52211548641496
FFF,2013B,1614,1614,2112.5,2556.3965303593554,77.0,73.68313680475843
FFF,2013J,2283,2283,1586.0,2184.1537450722735,74.25,71.92061621649195
FFF,2014B,1500,1500,1385.5,1932.8693333333333,74.66666666666667,72.2262043998886
FFF,2014J,2365,2365,1543.0,2176.4663847780125,76.0,74.07895570441917
GGG,2013J,952,952,419.5,506.88235294117646,,
GGG,2014B,833,833,341.0,482.86794717887153,,
GGG,2014J,749,749,405.0,508.8371161548732,,
