assessment_type,final_result,row_count,score_count,score_mean,score_median,late_pct,median_days_from_due
CMA,Distinction,11686,11686,91.24114324833134,94.0,0.4193907239431799,-14.0
CMA,Fail,10406,10406,71.53776667307322,74.0,0.6011916202191043,2.0
CMA,Pass,44158,44158,81.66425109832873,81.0,0.4225734861180307,-6.0
CMA,Withdrawn,4277,4277,69.62801028758476,76.0,0.7421089548749124,2.0
Exam,Distinction,881,881,92.7627695800227,94.0,0.0011350737797956867,-9.0
Exam,Fail,673,673,34.11144130757801,34.0,0.0029717682020802376,-19.0
Exam,Pass,3404,3404,64.76556991774383,64.0,0.0011750881316098707,-11.0
Exam,Withdrawn,1,1,33.0,33.0,0.0,-24.0
TMA,Distinction,13763,13763,86.24965487175761,88.0,0.07658214052168859,-1.0
TMA,Fail,17387,17320,61.75612009237875,64.0,0.24886409386323116,0.0
TMA,Pass,58459,58425,73.77165596919127,76.0,0.1493867496878154,-1.0
TMA,Withdrawn,8817,8745,64.35586049170955,68.0,0.25019848020868773,0.0
