engagement_band,final_result,count,band_total,pct_within_band
0 click,Distinction,0,3365,0.0
0 click,Pass,3,3365,0.0008915304606240713
0 click,Fail,374,3365,0.11114413075780089
0 click,Withdrawn,2988,3365,0.887964338781575
Low click,Distinction,66,7307,0.009032434651703846
Low click,Pass,659,7307,0.09018749144655809
Low click,Fail,2742,7307,0.37525660325715066
Low click,Withdrawn,3840,7307,0.5255234706445874
Medium-low click,Distinction,493,7309,0.06745108770009577
Medium-low click,Pass,2743,7309,0.37529073744698316
Medium-low click,Fail,2033,7309,0.2781502257490765
Medium-low click,Withdrawn,2040,7309,0.27910794910384457
Medium-high click,Distinction,885,7306,0.12113331508349302
Medium-high click,Pass,4166,7306,0.5702162606077197
Medium-high click,Fail,1267,7306,0.17341910758280865
Medium-high click,Withdrawn,988,7306,0.13523131672597866
High click,Distinction,1580,7306,0.21626060771968245
High click,Pass,4790,7306,0.6556255132767588
High click,Fail,636,7306,0.0870517382972899
High click,Withdrawn,300,7306,0.04106214070626882
