final_result,metric,metric_label,row_count,non_missing_count,mean,p25,median,p75,p90,max
Distinction,total_click,Total click,3024,3024,2574.425925925926,905.75,1819.0,3634.5,5567.700000000001,17514.0
Distinction,log_total_click,Log1p total click,3024,3024,7.460808701607078,6.809866664097097,7.506591176278664,8.198501676874784,8.624916909117045,9.770812935631588
Distinction,active_days,Active days,3024,3024,110.04265873015873,63.0,103.0,148.0,191.0,286.0
Distinction,active_weeks,Active weeks,3024,3024,32.44708994708995,29.0,34.0,37.0,40.0,43.0
Distinction,interacted_sites,Interacted sites,3024,3024,102.44675925925925,51.0,82.0,140.0,204.0,360.0
Distinction,resource_types_used,Resource types,3024,3024,9.357804232804233,8.0,9.0,10.0,14.0,15.0
Distinction,submitted_assessments,Submitted assessments,3024,3024,8.707010582010582,7.0,9.0,11.0,12.0,14.0
Distinction,submitted_weight_sum,Submitted weight,3024,3024,112.36524470899471,100.0,100.0,160.0,200.0,200.0
Distinction,late_submissions,Late submissions,3024,3024,1.9695767195767195,0.0,1.0,4.0,5.0,11.0
Distinction,late_submission_rate,Late submission rate,3024,3024,0.21885701746812852,0.0,0.08333333333333333,0.45454545454545453,0.5555555555555556,1.0
Distinction,avg_score,Average score,3024,3024,88.49306643808133,85.75,89.41666666666667,92.77777777777776,95.5,100.0
Distinction,weighted_score,Weighted score,3024,2628,88.95116118614003,85.5,89.25,93.0425,96.1718,100.0
Pass,total_click,Total click,12361,12361,1861.9999191003965,655.0,1294.0,2488.0,4075.0,23513.0
Pass,log_total_click,Log1p total click,12361,12361,7.116954071808034,6.486160788944089,7.166265974133638,7.819636302367592,8.312871394342615,10.065351267427687
Pass,active_days,Active days,12361,12361,87.04449478197557,47.0,78.0,117.0,159.0,285.0
Pass,active_weeks,Active weeks,12361,12361,29.508211309764583,25.0,31.0,36.0,38.0,43.0
Pass,interacted_sites,Interacted sites,12361,12361,89.05509263004612,47.0,73.0,120.0,169.0,413.0
Pass,resource_types_used,Resource types,12361,12361,9.113421244235903,7.0,9.0,10.0,13.0,15.0
Pass,submitted_assessments,Submitted assessments,12361,12361,8.577056872421325,6.0,9.0,11.0,12.0,14.0
Pass,submitted_weight_sum,Submitted weight,12361,12361,113.60860771782218,100.0,100.0,160.0,200.0,200.0
Pass,late_submissions,Late submissions,12361,12361,2.2164064396084457,0.0,1.0,4.0,6.0,12.0
Pass,late_submission_rate,Late submission rate,12361,12358,0.24711407638054347,0.0,0.14285714285714285,0.45454545454545453,0.6363636363636364,1.0
Pass,avg_score,Average score,12361,12358,76.17880170642147,70.08333333333333,77.85714285714286,83.88888888888889,88.33333333333333,98.5
Pass,weighted_score,Weighted score,12361,11240,72.47815291191246,65.0,73.70731707317073,81.0,86.24,98.68
Fail,total_click,Total click,7052,7052,631.7841747022121,93.0,305.5,766.0,1604.800000000001,11143.0
Fail,log_total_click,Log1p total click,7052,7052,5.331994163425795,4.543294782270004,5.725216424769789,6.642486801367256,7.381377283898683,9.318656515459642
Fail,active_days,Active days,7052,7052,33.17711287577992,8.0,22.0,47.0,81.0,230.0
Fail,active_weeks,Active weeks,7052,7052,13.930232558139535,5.0,12.0,21.0,30.0,42.0
Fail,interacted_sites,Interacted sites,7052,7052,43.077992058990354,15.0,32.0,59.0,97.90000000000055,324.0
Fail,resource_types_used,Resource types,7052,7052,7.048213272830402,6.0,7.0,9.0,10.0,15.0
Fail,submitted_assessments,Submitted assessments,7052,7052,4.036585365853658,1.0,3.0,7.0,10.0,14.0
Fail,submitted_weight_sum,Submitted weight,7052,7052,49.196327283040276,0.0,25.0,79.0,100.0,200.0
Fail,late_submissions,Late submissions,7052,7052,1.500992626205332,0.0,1.0,2.0,5.0,12.0
Fail,late_submission_rate,Late submission rate,7052,5768,0.3564977705104265,0.0,0.3333333333333333,0.6,1.0,1.0
Fail,avg_score,Average score,7052,5765,64.23060377128895,54.8,65.91666666666667,76.0909090909091,84.0,100.0
Fail,weighted_score,Weighted score,7052,5196,59.57444534045342,47.494932432432435,60.0,72.25,81.44602272727272,100.0
Withdrawn,total_click,Total click,10156,10156,303.90665616384405,0.0,85.0,360.0,847.5,12282.0
Withdrawn,log_total_click,Log1p total click,10156,10156,3.6131838033656885,0.0,4.454347296253507,5.8888779583328805,6.743469911051625,9.415971471539095
Withdrawn,active_days,Active days,10156,10156,16.288696337140607,0.0,7.0,23.0,47.0,221.0
Withdrawn,active_weeks,Active weeks,10156,10156,6.491138243402914,0.0,4.0,10.0,18.0,38.0
Withdrawn,interacted_sites,Interacted sites,10156,10156,24.23207955888145,0.0,14.0,36.0,65.0,308.0
Withdrawn,resource_types_used,Resource types,10156,10156,4.894052776683734,0.0,6.0,8.0,9.0,15.0
Withdrawn,submitted_assessments,Submitted assessments,10156,10156,1.2893855848759355,0.0,0.0,2.0,4.0,13.0
Withdrawn,submitted_weight_sum,Submitted weight,10156,10156,12.33517132729421,0.0,0.0,17.0,44.0,140.0
Withdrawn,late_submissions,Late submissions,10156,10156,0.5297361165813312,0.0,0.0,1.0,2.0,11.0
Withdrawn,late_submission_rate,Late submission rate,10156,4693,0.41348466506148157,0.0,0.36363636363636365,0.75,1.0,1.0
Withdrawn,avg_score,Average score,10156,4673,64.10575962010265,52.2,68.0,80.0,87.5,100.0
Withdrawn,weighted_score,Weighted score,10156,4442,62.20583090754184,50.0,65.5,77.0,86.0,100.0
