code_module,code_presentation,student_module_presentation_count,success_rate,total_click_vs_average_score_n,total_click_vs_average_score_pearson_corr,total_click_vs_average_score_spearman_corr,log_total_click_vs_average_score_n,log_total_click_vs_average_score_pearson_corr,log_total_click_vs_average_score_spearman_corr,total_click_vs_weighted_score_n,total_click_vs_weighted_score_pearson_corr,total_click_vs_weighted_score_spearman_corr,log_total_click_vs_weighted_score_n,log_total_click_vs_weighted_score_pearson_corr,log_total_click_vs_weighted_score_spearman_corr,active_days_vs_weighted_score_n,active_days_vs_weighted_score_pearson_corr,active_days_vs_weighted_score_spearman_corr,active_weeks_vs_weighted_score_n,active_weeks_vs_weighted_score_pearson_corr,active_weeks_vs_weighted_score_spearman_corr,interacted_sites_vs_weighted_score_n,interacted_sites_vs_weighted_score_pearson_corr,interacted_sites_vs_weighted_score_spearman_corr,resource_types_vs_weighted_score_n,resource_types_vs_weighted_score_pearson_corr,resource_types_vs_weighted_score_spearman_corr,submitted_assessments_vs_weighted_score_n,submitted_assessments_vs_weighted_score_pearson_corr,submitted_assessments_vs_weighted_score_spearman_corr,submitted_weight_vs_weighted_score_n,submitted_weight_vs_weighted_score_pearson_corr,submitted_weight_vs_weighted_score_spearman_corr,late_submissions_vs_weighted_score_n,late_submissions_vs_weighted_score_pearson_corr,late_submissions_vs_weighted_score_spearman_corr,late_submission_rate_vs_weighted_score_n,late_submission_rate_vs_weighted_score_pearson_corr,late_submission_rate_vs_weighted_score_spearman_corr,log_total_click_vs_pass_distinction_flag_n,log_total_click_vs_pass_distinction_flag_pearson_corr,log_total_click_vs_pass_distinction_flag_spearman_corr,active_days_vs_pass_distinction_flag_n,active_days_vs_pass_distinction_flag_pearson_corr,active_days_vs_pass_distinction_flag_spearman_corr,late_submission_rate_vs_pass_distinction_flag_n,late_submission_rate_vs_pass_distinction_flag_pearson_corr,late_submission_rate_vs_pass_distinction_flag_spearman_corr
AAA,2013J,383,0.7258485639686684,364,0.3993770686051722,0.449264739745862,364,0.489540133150072,0.449264739745862,365,0.382715806091226,0.44118859557476375,365,0.4661490088289044,0.44118859557476375,365,0.4738444648760696,0.4773345108865874,365,0.47538804426157694,0.46232183707032504,365,0.43062091092467686,0.4157503363762951,365,0.25552030242725504,0.2677112079679976,365,0.2972379511827573,0.28339937241301644,365,0.29790564195677505,0.28274505643831743,365,-0.12277184982000162,-0.18306412824355836,365,-0.2584628491044657,-0.2345270642875156,383,0.46654159086723834,0.4395275649058939,383,0.48241590924573574,0.5472520285518945,365,-0.322888762638188,-0.24356012300157806
AAA,2014J,365,0.6931506849315069,340,0.3649225883849344,0.44698116181503755,340,0.4644266884547247,0.44698116181503755,340,0.35950848923883116,0.44766574409857113,340,0.4581993900228038,0.44766574409857113,340,0.43332644984055324,0.44229604144527934,340,0.40972718907388217,0.39781279161282324,340,0.40738584964891744,0.4047525462640639,340,0.3001882194874741,0.3104381643063286,340,0.2421659922258549,0.1976598425764997,340,0.24216858746686934,0.19642903682151214,340,-0.07377472232608717,-0.10462306430918046,340,-0.13647369860876782,-0.13617582897201044,365,0.4935938686818299,0.46751144819813634,365,0.4884230081647559,0.5374172457539151,340,-0.07867010408043465,-0.03419081931186944
BBB,2013B,1767,0.45444255800792305,1366,0.22412807847484426,0.39950851523820485,1366,0.3842513743941293,0.39950851523820485,1369,0.22442930632748,0.38121029295385955,1369,0.3614722002332773,0.38121029295385955,1369,0.3643220643073499,0.4204705064335188,1369,0.41311309758201564,0.42883588822221763,1369,0.24374437899900878,0.3091709281590854,1369,0.21627282781944468,0.2146182894190966,1369,0.32659575405772556,0.352044120595159,1369,0.2848656201424229,0.3294211224013144,1369,0.20040751744162794,0.15382427995711143,1369,-0.08944063526331958,-0.14930265238397666,1767,0.5731194080869515,0.6293188551039313,1767,0.5867309956656487,0.6802704922012277,1369,-0.0057945145523487325,-0.08787811876959564
BBB,2013J,2237,0.47921323200715243,1710,0.25420015926482914,0.46568885664586324,1710,0.46115564690293676,0.46568885664586324,1710,0.23144803407193532,0.41432518871076024,1710,0.3883564358127377,0.41432518871076024,1710,0.37771037339825037,0.42630264259111705,1710,0.4290887774022916,0.4309212320464388,1710,0.3112744507366919,0.3462439856422216,1710,0.24337859727108493,0.22746876277936,1710,0.33096952690982345,0.34324153759928727,1710,0.2912761462104784,0.3258240601648034,1710,0.2125106339225543,0.18219067012540266,1710,-0.0449010607064679,-0.09578592319105703,2237,0.6356176423087981,0.6757134107394841,2237,0.584477771546243,0.7019337977367557,1710,0.15687103987795648,0.08724735936661651
BBB,2014B,1613,0.45071295722256666,1204,0.2779808395119523,0.42422558166825053,1204,0.42890238652424734,0.42422558166825053,1205,0.2669355842391924,0.4142340059139735,1205,0.3883723943833295,0.4142340059139735,1205,0.36956627096064526,0.42546068762205946,1205,0.4074000265359523,0.42281323448628433,1205,0.28205763767069075,0.32103849902986814,1205,0.26569236445493843,0.2643999799942448,1205,0.27626959676230206,0.2722994276840496,1205,0.22857308647353963,0.24706863661133724,1205,0.20062574092147337,0.16767049411288754,1205,0.037779999738100783,-0.021807402550723113,1613,0.6427214654449928,0.677405838416108,1613,0.6000684533951754,0.7042345543808215,1205,0.07456984463833939,-0.002780886586620339
BBB,2014J,2292,0.5026178010471204,1792,0.14535276686266513,0.10823734189908221,1792,0.19855834022993152,0.10823734189908221,1595,0.29043939916682776,0.35625850740267234,1595,0.35126301276490024,0.35625850740267234,1595,0.3132436003257786,0.3608125199042059,1595,0.3740137881608406,0.3694078430326367,1595,0.3515666038058454,0.35116884455337666,1595,0.3094770847512102,0.30880719022218717,1595,0.24198429468070237,0.25271400197100047,1595,0.24320460343230374,0.25085388074245785,1595,-0.16653674731350335,-0.1740706371811678,1595,-0.19829527949428305,-0.19128922960577038,2292,0.6636865599171898,0.7199022047185408,2292,0.6172733626289341,0.7250663674987812,1793,-0.1368013442789476,-0.053046718188931474
CCC,2014B,1936,0.3424586776859504,1414,0.43302270799707393,0.590049263265932,1414,0.5943352154472348,0.590049263265932,1415,0.39466740042083415,0.5305912450983421,1415,0.5415322502328553,0.5305912450983421,1415,0.5085705995257129,0.5500070549353103,1415,0.5617568583378254,0.5553857050849693,1415,0.540767453573845,0.5449531947289289,1415,0.4240741754065445,0.4247912759496016,1415,0.48895941660219666,0.47873606387606304,1415,0.4829724395268995,0.4866916801711912,1415,0.40876326921139083,0.3900253484190406,1415,-0.37810758922269805,-0.38904609166730914,1936,0.5704722340471705,0.7005908478588542,1936,0.7091702021849767,0.725914973868491,1415,-0.46968941786858515,-0.5070474996385127
CCC,2014J,2498,0.4063250600480384,1998,0.3201585173807789,0.439915560739791,1998,0.427505187570326,0.439915560739791,1998,0.26757343410655543,0.3477259581190001,1998,0.34179003129854024,0.3477259581190001,1998,0.3486559083937388,0.34966811553395216,1998,0.35346520153808647,0.3437942560962591,1998,0.3860178663060257,0.3839496070468478,1998,0.24733686851199652,0.2654904462829913,1998,0.3106230580579317,0.29611979642356384,1998,0.3055300029931337,0.2991011297043879,1998,0.18868847433764416,0.15910002189354022,1998,-0.26428842345143555,-0.2787336902970755,2498,0.566341682290076,0.6767980868710793,2498,0.6682110143186947,0.7188564361333855,1998,-0.42753575610172617,-0.4679057917891083
DDD,2013B,1303,0.3914044512663085,1064,0.3645529233658781,0.4484398776276986,1064,0.4457408014229281,0.4484398776276986,1065,0.25339742322183334,0.3110368318336938,1065,0.3219696081646179,0.3110368318336938,1065,0.3324301785499294,0.32748672826658615,1065,0.3121934390123701,0.3045244600379181,1065,0.3539044496469666,0.3431216142734094,1065,0.2744674541605102,0.26169535165768065,1065,0.2895115936615207,0.28395924214798723,1065,0.2678795799173843,0.2788226200869914,1065,0.18951453631396603,0.12887363759830547,1065,-0.19610971021523835,-0.22979613024142673,1303,0.5166148556619932,0.6349219901717531,1303,0.6625562542950594,0.6816855725990297,1065,-0.29538386483324514,-0.33052320568320914
DDD,2013J,1938,0.4277605779153767,1505,0.36045074765542773,0.4536191311633961,1505,0.42574700573373514,0.4536191311633961,1507,0.3281975608141095,0.3977989730033305,1507,0.3697186982594634,0.3977989730033305,1507,0.39564420247050613,0.39299470324006985,1507,0.35925393453937904,0.3564003491203027,1507,0.4056328754456373,0.4127439547393669,1507,0.29943881006098094,0.3262929885060068,1507,0.2790573701664036,0.27150457282095686,1507,0.2881635491244541,0.27559377356519477,1507,-0.21182311996526118,-0.2604432424923065,1507,-0.28017236759219777,-0.28430766994978696,1938,0.5689111527104325,0.6893861968707878,1938,0.686221266835444,0.7248464449598092,1507,-0.27643586212026644,-0.20336534264932304
DDD,2014B,1228,0.39006514657980457,944,0.35570172410439516,0.41861061358392726,944,0.3753578993539233,0.41861061358392726,944,0.3312120998627234,0.377882174441122,944,0.3415544205598104,0.377882174441122,944,0.386615315124691,0.3804236803660597,944,0.3611653317161973,0.37278850854366996,944,0.4103646011378022,0.42371591179039625,944,0.2308237017670954,0.2532703917934546,944,0.29489544929337247,0.30136051308236167,944,0.31416482923666383,0.3046946461616672,944,-0.22808282389076645,-0.27144974237020664,944,-0.3030247168625232,-0.3079400340677135,1228,0.5527042550037639,0.6759098505321437,1228,0.6924570719204067,0.711057237537153,944,-0.2841896414099826,-0.18181628921105733
DDD,2014J,1803,0.43926788685524126,1427,0.3138601702744567,0.3926025758640715,1427,0.34401066783151213,0.3926025758640715,1428,0.2644583344128081,0.30091068266097565,1428,0.2584149911156325,0.30091068266097565,1428,0.3180941076700179,0.3025395455257308,1428,0.2639626863916019,0.2813178331260524,1428,0.3560919181733695,0.3561638414252189,1428,0.13855005634630926,0.16004438790433462,1428,0.16171196380285902,0.16481849824679648,1428,0.16840627571667682,0.16577836737145432,1428,-0.23744551299791475,-0.2540717341232249,1428,-0.2840968998628816,-0.2708006876831969,1803,0.5760601907302855,0.667300931677474,1803,0.6623899770790885,0.7054153337154991,1428,-0.2598568901005055,-0.19013318356254985
EEE,2013J,1052,0.5788973384030418,827,0.36215048952489043,0.4613538007461433,827,0.4688572321343327,0.4613538007461433,827,0.3603349605006293,0.4594985457818101,827,0.45849666438661124,0.4594985457818101,827,0.4200817973543824,0.4457305945339448,827,0.40151780790370073,0.39194717550398783,827,0.4185799000103057,0.4061831617942953,827,0.26859452805017775,0.2435210212879592,827,0.2543200175151966,0.2572260693330628,827,0.2528989711011032,0.25684859170109187,827,-0.2582183340197121,-0.2829902420511992,827,-0.32735908868812613,-0.30992475796959185,1052,0.6440208599687465,0.7367395807539044,1052,0.7123190761711481,0.7682008465491231,827,-0.1877980721122888,-0.10947284347920072
EEE,2014B,694,0.5144092219020173,536,0.34328214522243145,0.3699658739778976,536,0.3927009553443948,0.3699658739778976,536,0.3397085845442194,0.3630827157838812,536,0.3802590826170524,0.3630827157838812,536,0.3469182505006914,0.32281430981121345,536,0.28333517224020377,0.28003351960595735,536,0.3392105040715138,0.3217413998269969,536,0.23301614872692045,0.19980297583507828,536,0.19321643859178025,0.15680654796491175,536,0.18963704067053916,0.15538737108019854,536,-0.2471501184812621,-0.22744513196345628,536,-0.28819557282104635,-0.23749789146465616,694,0.6340778298797508,0.7635610807452341,694,0.7195402714771453,0.7700490238202266,536,-0.11764740227568168,-0.025330136306398215
EEE,2014J,1188,0.5757575757575758,934,0.4134846495556742,0.4794472806684299,934,0.4303431899418739,0.4794472806684299,935,0.4103766524577561,0.47348585065498383,935,0.4268006740913971,0.47348585065498383,935,0.45441875217256184,0.4734400407950189,935,0.43449698006355336,0.4388197824681768,935,0.4316518480306933,0.4200652550360593,935,0.2797401785264727,0.2665205380267128,935,0.31655088344912996,0.26496349218070847,935,0.3165995212949075,0.2654458792298723,935,-0.27919667489126093,-0.3206484269140392,935,-0.3677645140519261,-0.3442609467873582,1188,0.6715996670728993,0.7554644339534587,1188,0.7152987488282928,0.7701718801561909,935,-0.22674395802405622,-0.15153323408960642
FFF,2013B,1614,0.48451053283767037,1367,0.36585076228844765,0.3928509961768707,1367,0.3800378795068284,0.3928509961768707,1369,0.32942112309609556,0.3667461514450431,1369,0.3488684124826895,0.3667461514450431,1369,0.3632157551592668,0.3639707701360791,1369,0.32813717714585827,0.3436653290284853,1369,0.39218714859969794,0.4073127970329499,1369,0.3593889972432992,0.3669452235407797,1369,0.2789166655463335,0.27562205370245674,1369,0.21825475973368658,0.24040661824914414,1369,-0.19113118250844452,-0.25357978068680187,1369,-0.3073282090253066,-0.296998152387083,1614,0.5742469897143455,0.7292493456891725,1614,0.7002261579934771,0.7271169702778045,1371,-0.26928474352742765,-0.16109392249104632
FFF,2013J,2283,0.47963206307490147,1872,0.3766734888488216,0.408965294491303,1872,0.37802272328699843,0.408965294491303,1867,0.33651167180222635,0.36908910954260715,1867,0.3178676841718294,0.36908910954260715,1867,0.3515966415516074,0.35733978507305975,1867,0.3067872698274818,0.32631230317383836,1867,0.38856163719468545,0.39726191069284356,1867,0.35149700962867786,0.3822356166544798,1867,0.26226729884449324,0.2623700421437594,1867,0.1790537127227617,0.21355371356412411,1867,-0.23768861953477596,-0.300119071104723,1867,-0.33888821828975874,-0.33122659890109946,2283,0.6197012489881905,0.7581743825623803,2283,0.7227253554049158,0.7567348151152952,1874,-0.3015598571861508,-0.1606297230846306
FFF,2014B,1500,0.436,1205,0.3742013213902315,0.3841484191433844,1205,0.3924963144769064,0.3841484191433844,1197,0.330588278638023,0.34877517428043264,1197,0.3213800924204823,0.34877517428043264,1197,0.34624811098585606,0.344825781470916,1197,0.302092908740477,0.32551215038777276,1197,0.36350520556859683,0.37092533524451426,1197,0.34607339722517083,0.3510094380796555,1197,0.2536174574608492,0.25724750895881326,1197,0.1908673650400868,0.21380026770991803,1197,-0.23808800470939945,-0.2865207067119079,1197,-0.24701763919662023,-0.29623466643380114,1500,0.5963075124534724,0.7515609567551564,1500,0.7244787157322443,0.7489444939088207,1206,-0.2654202055797091,-0.12368877511983407
FFF,2014J,2365,0.4723044397463002,1842,0.4119440948872273,0.4740408666468646,1842,0.4302707786992012,0.4740408666468646,1834,0.36793700710735316,0.44458737181972896,1834,0.367770996281874,0.44458737181972896,1834,0.3925609826058949,0.4232404470241466,1834,0.36495665588615267,0.4033883911582257,1834,0.42874008976064776,0.4629237919703501,1834,0.40704734525364455,0.4504085073466784,1834,0.29438006784272397,0.341398624395375,1834,0.25642061209686917,0.30466245468368114,1834,-0.24736112225335852,-0.2905937983842995,1834,-0.3256683955726508,-0.32445619244539914,2365,0.6573659094245513,0.7902333269145085,2365,0.7522292907089427,0.7849755576132282,1843,-0.2807132458719471,-0.10889848850479525
GGG,2013J,952,0.6218487394957983,818,0.32017693047244206,0.4431137149502655,818,0.49026089866289063,0.4431137149502655,0,,,0,,,0,,,0,,,0,,,0,,,0,,,0,,,0,,,0,,,952,0.647998524096604,0.6674340919728542,952,0.518119424722117,0.6397950857882075,819,-0.2613105898333867,-0.10929349562324006
GGG,2014B,833,0.5738295318127251,689,0.3722856049343405,0.4949167138798009,689,0.5360081643816907,0.4949167138798009,0,,,0,,,0,,,0,,,0,,,0,,,0,,,0,,,0,,,0,,,833,0.6619813428848601,0.7142592507241264,833,0.5392523998895659,0.6873375748402655,689,-0.2683044656064667,-0.13452714912063868
GGG,2014J,749,0.5927903871829105,602,0.3035933817341999,0.4105639409267685,602,0.5060587922120797,0.4105639409267685,0,,,0,,,0,,,0,,,0,,,0,,,0,,,0,,,0,,,0,,,749,0.661653490709711,0.699944686230337,749,0.5484407750325072,0.6806891189677705,604,-0.37725007373648956,-0.246779348465732
