metric,Log1p total click,Active days,Active weeks,Interacted sites,Resource types,Submitted assessments,Submitted weight,Late submissions,Late submission rate,Average score,Weighted score,Studied credits,Previous attempts,Pass/Distinction flag
Log1p total click,1.0,0.9444588008762065,0.9076362328237453,0.9148137972773792,0.840265380320889,0.7498233533416716,0.7194897142566006,0.2630531287677155,-0.21603438917094875,0.3471152387238676,0.38519738239542867,-0.07232361688423834,-0.09938349179655355,0.6459104261298753
Active days,0.9444588008762065,1.0,0.9739217710697862,0.8920928164122042,0.778026531821035,0.7710899593064605,0.7778781241117798,0.3184083850531345,-0.165006111117897,0.35355556241169706,0.37518700328307225,-0.06177954500980834,-0.09457436066200214,0.6901795601253587
Active weeks,0.9076362328237453,0.9739217710697862,1.0,0.8664083529472744,0.7341803212887812,0.8002955899161076,0.8046596765217622,0.3349885989584382,-0.16474758571021492,0.35087513114457214,0.35891933017001415,-0.08286913295608209,-0.09720585513896175,0.7484720916015302
Interacted sites,0.9148137972773792,0.8920928164122042,0.8664083529472744,1.0,0.8769708598211492,0.7514969827599466,0.7572372687431116,0.24705427852259806,-0.235032921945549,0.23083832807108254,0.2747139314035663,-0.013504156227393156,-0.07402583208058043,0.6048253594659717
Resource types,0.840265380320889,0.778026531821035,0.7341803212887812,0.8769708598211492,1.0,0.6364066762686758,0.649739160665851,0.17545329247942568,-0.25557584221968566,0.1755073240176391,0.2608557221475536,0.03615373546432972,-0.05225954536109964,0.4646885813504178
Submitted assessments,0.7498233533416716,0.7710899593064605,0.8002955899161076,0.7514969827599466,0.6364066762686758,1.0,0.7181579955262933,0.5093603437039862,-0.0077994475740283155,0.2868547125821462,0.20197597382449783,-0.08177431963766438,-0.04548917216243024,0.7211207279440821
Submitted weight,0.7194897142566006,0.7778781241117798,0.8046596765217622,0.7572372687431116,0.649739160665851,0.7181579955262933,1.0,0.4298150390321036,0.004378933129835542,0.12363518916732281,0.19106860900739145,0.0380662040633235,-0.044519266718413046,0.6594931159793935
Late submissions,0.2630531287677155,0.3184083850531345,0.3349885989584382,0.24705427852259806,0.17545329247942568,0.5093603437039862,0.4298150390321036,1.0,0.8904587287122145,-0.06223842906781478,-0.15165428746040321,-0.018584185109467737,-0.004690265899659521,0.25943778526503125
Late submission rate,-0.21603438917094875,-0.165006111117897,-0.16474758571021492,-0.235032921945549,-0.25557584221968566,-0.0077994475740283155,0.004378933129835542,0.8904587287122145,1.0,-0.17638573085336995,-0.2391928736059817,0.05222957426071349,0.013507940941420618,-0.16213820275218008
Average score,0.3471152387238676,0.35355556241169706,0.35087513114457214,0.23083832807108254,0.1755073240176391,0.2868547125821462,0.12363518916732281,-0.06223842906781478,-0.17638573085336995,1.0,0.9119532515046072,-0.08062851323735143,-0.08824673482269997,0.4151494072807707
Weighted score,0.38519738239542867,0.37518700328307225,0.35891933017001415,0.2747139314035663,0.2608557221475536,0.20197597382449783,0.19106860900739145,-0.15165428746040321,-0.2391928736059817,0.9119532515046072,1.0,-0.054158646294563295,-0.0916263435045855,0.4055934650202492
Studied credits,-0.07232361688423834,-0.06177954500980834,-0.08286913295608209,-0.013504156227393156,0.03615373546432972,-0.08177431963766438,0.0380662040633235,-0.018584185109467737,0.05222957426071349,-0.08062851323735143,-0.054158646294563295,1.0,0.1854365027449052,-0.13363637716944654
Previous attempts,-0.09938349179655355,-0.09457436066200214,-0.09720585513896175,-0.07402583208058043,-0.05225954536109964,-0.04548917216243024,-0.044519266718413046,-0.004690265899659521,0.013507940941420618,-0.08824673482269997,-0.0916263435045855,0.1854365027449052,1.0,-0.10941733692795144
Pass/Distinction flag,0.6459104261298753,0.6901795601253587,0.7484720916015302,0.6048253594659717,0.4646885813504178,0.7211207279440821,0.6594931159793935,0.25943778526503125,-0.16213820275218008,0.4151494072807707,0.4055934650202492,-0.13363637716944654,-0.10941733692795144,1.0
