study_week,final_result,active_student_count,weekly_click_sum,weekly_click_median,active_days_median
-4,Distinction,80,4565,38.5,2.0
-4,Fail,176,3830,9.0,1.0
-4,Pass,561,25815,20.0,2.0
-4,Withdrawn,259,8208,12.0,1.0
-3,Distinction,1261,79610,31.0,2.0
-3,Fail,1888,60588,14.0,1.0
-3,Pass,4362,202491,22.0,2.0
-3,Withdrawn,2540,82767,14.0,1.0
-2,Distinction,1958,118951,28.0,2.0
-2,Fail,2954,91185,14.0,1.0
-2,Pass,7122,310838,21.0,2.0
-2,Withdrawn,3528,110849,13.0,2.0
-1,Distinction,2330,183907,40.0,3.0
-1,Fail,3794,148681,18.0,2.0
-1,Pass,8746,489229,28.0,2.0
-1,Withdrawn,4195,171127,17.0,2.0
0,Distinction,2610,331220,78.0,4.0
0,Fail,4877,304252,33.0,2.0
0,Pass,10295,968086,54.0,3.0
0,Withdrawn,4865,339415,34.0,2.0
1,Distinction,2638,295914,71.0,4.0
1,Fail,4655,263117,29.0,2.0
1,Pass,10338,881750,49.0,3.0
1,Withdrawn,4567,293807,32.0,2.0
2,Distinction,2643,345255,81.0,4.0
2,Fail,4927,381199,44.0,3.0
2,Pass,10674,1107804,66.0,3.0
2,Withdrawn,4539,401895,52.0,3.0
3,Distinction,2589,275990,58.0,4.0
3,Fail,4486,255973,29.0,2.0
3,Pass,10195,835573,45.0,3.0
3,Withdrawn,3985,245625,31.0,3.0
4,Distinction,2600,254766,55.0,4.0
4,Fail,4249,219123,25.0,2.0
4,Pass,10217,777462,45.0,3.0
4,Withdrawn,3677,204948,27.0,3.0
5,Distinction,2575,214377,47.0,4.0
5,Fail,3866,168322,20.0,2.0
5,Pass,9983,655225,36.0,3.0
5,Withdrawn,3180,146441,22.0,2.0
6,Distinction,2576,239627,53.0,4.0
6,Fail,3920,188058,23.0,2.0
6,Pass,10191,731700,41.0,3.0
6,Withdrawn,2893,143140,24.0,2.0
7,Distinction,2553,227561,49.0,4.0
7,Fail,3745,178116,26.0,2.0
7,Pass,10202,697639,39.0,3.0
7,Withdrawn,2740,141911,25.0,2.0
8,Distinction,2577,187138,39.0,3.0
8,Fail,3263,110456,15.0,2.0
8,Pass,9569,513678,26.0,3.0
8,Withdrawn,2330,89507,16.0,2.0
9,Distinction,2490,206911,46.0,3.0
9,Fail,3041,137861,18.0,2.0
9,Pass,9233,574175,31.0,3.0
9,Withdrawn,2126,106995,23.0,2.0
10,Distinction,2222,140377,32.0,3.0
10,Fail,2363,72759,13.0,2.0
10,Pass,7917,360551,20.0,2.0
10,Withdrawn,1583,47358,13.0,2.0
11,Distinction,2087,112966,24.0,2.0
11,Fail,2260,67909,13.0,1.0
11,Pass,7532,333063,21.0,2.0
11,Withdrawn,1424,42188,14.0,2.0
12,Distinction,2397,160463,31.0,3.0
12,Fail,2718,102130,15.0,2.0
12,Pass,9086,489048,26.0,2.0
12,Withdrawn,1593,53704,14.0,2.0
13,Distinction,2506,198940,38.0,3.0
13,Fail,2746,106770,15.0,2.0
13,Pass,9597,598854,29.0,3.0
13,Withdrawn,1575,57870,13.0,2.0
14,Distinction,2497,184690,39.0,3.0
14,Fail,2533,89265,14.0,2.0
14,Pass,9381,523416,26.0,3.0
14,Withdrawn,1426,48707,13.0,2.0
15,Distinction,2546,188018,41.0,3.0
15,Fail,2546,83296,15.0,2.0
15,Pass,9563,518292,28.0,3.0
15,Withdrawn,1297,41621,15.0,2.0
16,Distinction,2504,190642,43.0,3.0
16,Fail,2381,85395,16.0,2.0
16,Pass,9456,538542,29.0,3.0
16,Withdrawn,1142,39960,15.0,2.0
17,Distinction,2579,201577,48.0,3.0
17,Fail,2360,88928,17.0,2.0
17,Pass,9678,587291,33.0,3.0
17,Withdrawn,1023,35179,15.0,2.0
18,Distinction,2560,236713,56.0,3.0
18,Fail,2358,110852,21.0,2.0
18,Pass,9808,720694,43.0,3.0
18,Withdrawn,967,39042,17.0,2.0
19,Distinction,2516,263579,64.0,4.0
19,Fail,2112,112009,22.0,2.0
19,Pass,9418,722920,43.0,3.0
19,Withdrawn,843,39006,18.0,2.0
20,Distinction,2568,265691,62.0,4.0
20,Fail,2076,105138,23.0,2.0
20,Pass,9514,745113,44.0,3.0
20,Withdrawn,756,37233,20.0,2.0
21,Distinction,2617,264578,57.0,3.0
21,Fail,2077,87612,17.0,2.0
21,Pass,9711,705847,39.0,3.0
21,Withdrawn,651,26767,15.0,2.0
22,Distinction,2542,236319,47.0,3.0
22,Fail,1859,74349,18.0,2.0
22,Pass,9526,657915,34.0,3.0
22,Withdrawn,564,18288,13.0,2.0
23,Distinction,2550,201209,40.0,3.0
23,Fail,1858,78795,18.0,2.0
23,Pass,9585,605485,31.0,3.0
23,Withdrawn,480,13187,10.0,2.0
24,Distinction,2432,164012,34.0,3.0
24,Fail,1564,58219,13.0,2.0
24,Pass,8844,486079,25.0,2.0
24,Withdrawn,377,11428,10.0,1.0
25,Distinction,2322,149813,29.0,3.0
25,Fail,1288,40798,10.0,1.0
25,Pass,8209,408485,18.0,2.0
25,Withdrawn,276,5527,9.0,1.0
26,Distinction,2305,144232,28.0,3.0
26,Fail,1293,41247,12.0,1.0
26,Pass,8182,416188,20.0,2.0
26,Withdrawn,235,7034,8.0,1.0
27,Distinction,2401,165026,36.0,3.0
27,Fail,1376,50194,15.0,2.0
27,Pass,8549,493883,26.0,2.0
27,Withdrawn,231,4908,9.0,1.0
28,Distinction,2456,183720,40.0,3.0
28,Fail,1335,56571,16.0,2.0
28,Pass,8752,552767,29.0,2.0
28,Withdrawn,235,6786,11.0,1.0
29,Distinction,2438,208873,46.0,3.0
29,Fail,1365,69455,19.0,2.0
29,Pass,8890,624079,32.0,2.0
29,Withdrawn,180,6969,13.0,1.0
30,Distinction,2431,220537,46.0,3.0
30,Fail,1193,74260,18.0,2.0
30,Pass,8685,689096,33.0,2.0
30,Withdrawn,138,5724,9.0,1.0
31,Distinction,2408,212238,38.0,3.0
31,Fail,1158,93162,15.0,2.0
31,Pass,8773,734714,31.0,2.0
31,Withdrawn,90,3488,6.0,1.0
32,Distinction,2361,212362,40.0,3.0
32,Fail,1176,73075,17.0,2.0
32,Pass,8840,671365,30.0,3.0
32,Withdrawn,85,3376,6.0,1.0
33,Distinction,2064,178148,29.0,3.0
33,Fail,992,68347,13.0,2.0
33,Pass,7919,632941,26.0,2.0
33,Withdrawn,59,2513,6.0,1.0
34,Distinction,1607,105943,14.0,2.0
34,Fail,776,48673,8.0,2.0
34,Pass,5947,352896,11.0,2.0
34,Withdrawn,22,1856,5.0,1.0
35,Distinction,924,13182,6.0,1.0
35,Fail,296,2304,3.0,1.0
35,Pass,3051,35636,4.0,1.0
35,Withdrawn,5,41,1.0,1.0
36,Distinction,846,7901,5.0,1.0
36,Fail,276,1463,2.0,1.0
36,Pass,2656,19734,3.0,1.0
36,Withdrawn,5,24,3.0,1.0
37,Distinction,696,5473,4.0,1.0
37,Fail,226,1251,2.0,1.0
37,Pass,2251,14511,3.0,1.0
37,Withdrawn,1,57,57.0,3.0
38,Distinction,403,2050,3.0,1.0
38,Fail,81,355,2.0,1.0
38,Pass,1076,5311,3.0,1.0
